Year,Month,Region,Temperature(C),Humidity(%),CO2(ppm),Rainfall(mm),Anomaly
2000,1,Asia,14.02,46.45,369.19,12.65,None
2000,1,Africa,18.86,87.89,370.15,8.99,Flood
2000,1,Europe,15.75,30.19,369.58,8.72,None
2000,1,North America,15.85,31.52,370.71,169.61,Flood
2000,1,South America,19.74,79.08,370.34,309.68,Drought
2000,1,Australia,18.39,78.33,369.03,51.11,None
2000,2,Asia,12.63,31.19,370.8,486.75,Flood
2000,2,Africa,13.76,73.51,370.08,13.81,Storm
2000,2,Europe,16.83,36.97,369.79,204.57,Heatwave
2000,2,North America,14.54,57.44,369.08,14.94,Drought
2000,2,South America,11.01,88.9,369.34,11.54,Flood
2000,2,Australia,14.51,68.05,369.92,157.75,Storm
2000,3,Asia,19.42,79.37,370.44,32.15,None
2000,3,Africa,14.41,70.6,370.24,8.28,Heatwave
2000,3,Europe,14.97,74.35,370.06,208.74,None
2000,3,North America,12.42,39.53,370.17,78.17,Heatwave
2000,3,South America,17.65,51.35,369.07,33.89,Drought
2000,3,Australia,16.69,43.95,370.12,218.75,None
2000,4,Asia,15.67,67.51,369.46,48.29,Drought
2000,4,Africa,12.82,63.77,370.93,41.19,None
2000,4,Europe,11.69,83.88,370.84,177.74,Flood
2000,4,North America,18.6,81.21,369.41,81.08,Drought
2000,4,South America,16.64,37.46,370.04,17.56,None
2000,4,Australia,12.81,72.24,369.01,122.17,Flood
2000,5,Asia,18.15,62.67,369.75,22.82,Flood
2000,5,Africa,15.71,37.48,369.28,4.3,Storm
2000,5,Europe,14.58,84.27,369.9,108.22,Flood
2000,5,North America,12.8,51.32,370.67,67.94,Drought
2000,5,South America,12.8,75.34,370.66,110.82,Drought
2000,5,Australia,12.59,62.62,370.29,29.3,None
2000,6,Asia,15.16,79.12,369.08,1.33,None
2000,6,Africa,12.75,37.14,369.5,87.96,None
2000,6,Europe,16.05,77.45,370.43,18.7,Flood
2000,6,North America,20.26,47.7,369.76,201.49,Drought
2000,6,South America,11.75,30.46,369.9,62.92,Flood
2000,6,Australia,9.81,59.48,369.33,2.31,None
2000,7,Asia,12.67,84.6,370.03,69.39,Storm
2000,7,Africa,12.69,67.98,370.44,47.34,Flood
2000,7,Europe,23.34,57.22,369.85,11.13,Storm
2000,7,North America,15.42,37.14,369.65,39.3,None
2000,7,South America,17.8,73.54,369.72,3.29,None
2000,7,Australia,17.32,58.42,370.22,88.43,Drought
2000,8,Asia,9.61,52.64,370.46,83.22,None
2000,8,Africa,12.38,71.32,370.42,14.51,Storm
2000,8,Europe,13.9,47.19,369.31,121.96,Drought
2000,8,North America,14.68,74.88,370.58,76.43,Heatwave
2000,8,South America,16.66,79.29,369.62,14.05,None
2000,8,Australia,11.33,31.22,369.69,52.1,Heatwave
2000,9,Asia,12.33,63.47,369.73,112.14,None
2000,9,Africa,18.13,38.97,369.58,29.58,Drought
2000,9,Europe,12.38,48.24,370.81,1.47,Storm
2000,9,North America,17.26,67.82,369.11,257.37,None
2000,9,South America,14.97,46.45,369.56,6.46,Drought
2000,9,Australia,14.33,72.23,370.77,114.93,Storm
2000,10,Asia,15.3,67.15,369.8,46.77,Heatwave
2000,10,Africa,14.61,87.8,369.2,53.62,Heatwave
2000,10,Europe,14.41,45.87,370.42,33.55,Flood
2000,10,North America,10.92,47.9,370.82,73.63,Storm
2000,10,South America,15.86,30.86,370.13,112.43,Drought
2000,10,Australia,19.51,66.78,370.24,11.86,Heatwave
2000,11,Asia,12.65,42.41,369.9,104.47,Heatwave
2000,11,Africa,22.54,80.75,370.6,114.77,Drought
2000,11,Europe,16.28,72.94,370.11,225.88,None
2000,11,North America,17.05,60.26,370.82,103.23,Flood
2000,11,South America,12.49,50.78,370.46,211.07,None
2000,11,Australia,9.76,63.25,370.0,54.91,None
2000,12,Asia,13.16,89.51,369.39,46.06,Heatwave
2000,12,Africa,18.08,83.44,369.73,33.45,Drought
2000,12,Europe,12.05,34.6,370.58,209.46,Flood
2000,12,North America,10.35,74.99,370.07,23.09,Heatwave
2000,12,South America,16.89,56.49,370.21,68.65,Flood
2000,12,Australia,14.15,61.91,370.4,17.4,Heatwave
2001,1,Asia,18.34,57.59,371.46,146.77,Drought
2001,1,Africa,12.23,67.0,372.32,290.54,None
2001,1,Europe,14.66,74.54,371.04,55.16,None
2001,1,North America,18.05,84.62,372.54,165.36,None
2001,1,South America,13.87,87.9,372.34,198.59,Flood
2001,1,Australia,18.42,66.94,372.71,2.77,Storm
2001,2,Asia,14.5,68.01,372.65,188.62,Storm
2001,2,Africa,15.48,57.98,371.14,32.42,Flood
2001,2,Europe,15.51,36.07,371.25,20.39,Drought
2001,2,North America,13.69,69.82,372.76,320.53,None
2001,2,South America,9.39,37.59,372.14,22.98,None
2001,2,Australia,12.33,46.48,371.8,6.31,Storm
2001,3,Asia,17.99,37.76,371.06,69.91,Flood
2001,3,Africa,15.2,40.63,371.38,106.45,None
2001,3,Europe,10.34,57.0,372.49,94.51,Storm
2001,3,North America,14.89,67.18,371.91,52.76,Storm
2001,3,South America,12.56,64.79,371.07,56.68,Storm
2001,3,Australia,18.48,71.28,371.4,114.79,Flood
2001,4,Asia,14.86,74.76,371.9,233.7,Storm
2001,4,Africa,16.44,30.49,371.89,2.89,Flood
2001,4,Europe,15.76,35.84,372.48,11.29,None
2001,4,North America,17.9,60.87,371.52,11.09,None
2001,4,South America,12.86,50.59,371.76,32.91,Heatwave
2001,4,Australia,13.96,66.17,371.45,10.19,None
2001,5,Asia,20.84,79.51,372.33,273.89,Storm
2001,5,Africa,11.96,36.51,371.84,69.04,None
2001,5,Europe,13.57,53.28,371.86,143.93,Drought
2001,5,North America,17.76,70.28,372.2,22.43,Drought
2001,5,South America,15.26,76.52,372.57,63.37,Storm
2001,5,Australia,11.63,63.85,372.07,28.99,None
2001,6,Asia,17.2,72.66,371.26,34.16,Drought
2001,6,Africa,12.37,56.59,371.23,19.81,Flood
2001,6,Europe,17.04,88.31,372.95,6.67,Storm
2001,6,North America,16.24,77.3,371.85,0.29,Flood
2001,6,South America,10.02,64.33,371.47,349.66,Heatwave
2001,6,Australia,18.05,85.11,372.34,121.63,Flood
2001,7,Asia,19.6,30.07,372.93,0.28,None
2001,7,Africa,14.3,67.27,371.22,206.09,Storm
2001,7,Europe,16.39,67.59,372.92,21.24,Drought
2001,7,North America,16.12,51.21,371.67,24.18,None
2001,7,South America,9.87,46.7,372.28,63.95,Heatwave
2001,7,Australia,14.12,88.72,371.48,147.71,None
2001,8,Asia,14.87,55.23,371.73,158.98,Drought
2001,8,Africa,10.36,61.31,372.38,34.16,Storm
2001,8,Europe,12.07,46.84,371.04,65.8,None
2001,8,North America,17.78,47.76,371.24,256.28,None
2001,8,South America,11.91,83.14,372.71,117.79,None
2001,8,Australia,19.34,49.58,371.9,183.08,Drought
2001,9,Asia,13.83,66.61,372.44,135.07,None
2001,9,Africa,15.84,39.97,372.83,123.89,None
2001,9,Europe,16.59,43.52,372.06,63.59,Flood
2001,9,North America,16.04,39.37,371.09,10.9,Storm
2001,9,South America,13.35,63.05,371.59,76.75,Drought
2001,9,Australia,17.84,43.36,371.38,117.82,None
2001,10,Asia,13.24,31.16,371.37,85.97,Heatwave
2001,10,Africa,16.4,79.46,372.21,93.78,Storm
2001,10,Europe,11.25,49.68,371.38,40.64,None
2001,10,North America,14.77,50.98,371.26,22.82,Heatwave
2001,10,South America,16.79,84.1,373.0,41.48,None
2001,10,Australia,12.91,34.91,372.67,463.36,Drought
2001,11,Asia,13.68,40.56,371.82,155.19,None
2001,11,Africa,13.21,85.42,372.84,148.9,Drought
2001,11,Europe,16.13,47.9,372.41,53.16,Drought
2001,11,North America,18.74,58.08,371.59,126.58,Flood
2001,11,South America,16.81,40.13,372.03,113.59,Drought
2001,11,Australia,20.72,33.21,372.35,266.79,None
2001,12,Asia,13.17,50.12,372.3,75.23,Heatwave
2001,12,Africa,16.3,44.95,371.37,57.33,Flood
2001,12,Europe,8.18,71.81,372.33,55.5,Heatwave
2001,12,North America,18.98,86.27,371.58,16.13,Flood
2001,12,South America,15.54,75.37,371.13,17.92,Heatwave
2001,12,Australia,16.63,83.36,371.79,151.01,Storm
2002,1,Asia,13.0,67.95,374.12,159.47,None
2002,1,Africa,15.29,55.39,373.36,9.37,Drought
2002,1,Europe,10.49,40.91,373.42,106.47,None
2002,1,North America,15.41,79.48,374.65,31.32,Storm
2002,1,South America,16.83,51.93,374.36,135.89,Drought
2002,1,Australia,12.46,42.78,374.27,115.61,Heatwave
2002,2,Asia,17.68,60.41,373.48,17.07,None
2002,2,Africa,14.01,66.47,373.15,186.35,Heatwave
2002,2,Europe,15.54,35.29,374.3,60.38,Flood
2002,2,North America,17.0,80.33,374.51,46.58,Heatwave
2002,2,South America,15.69,37.37,373.36,5.13,Drought
2002,2,Australia,17.09,35.47,373.63,186.86,Storm
2002,3,Asia,15.54,79.96,374.47,157.41,None
2002,3,Africa,14.83,73.94,373.72,226.86,None
2002,3,Europe,15.18,59.98,373.19,99.52,None
2002,3,North America,10.2,68.67,373.61,55.98,Storm
2002,3,South America,16.22,55.0,374.22,43.6,Heatwave
2002,3,Australia,14.52,61.23,373.96,145.78,Storm
2002,4,Asia,11.57,57.24,374.57,45.75,Heatwave
2002,4,Africa,15.02,51.1,373.04,1.8,None
2002,4,Europe,18.97,70.74,374.53,47.18,Flood
2002,4,North America,18.44,38.62,373.75,91.48,Flood
2002,4,South America,16.41,81.67,374.79,31.99,None
2002,4,Australia,14.79,54.85,373.88,11.15,Flood
2002,5,Asia,13.54,78.39,374.25,12.56,Drought
2002,5,Africa,16.22,66.53,374.99,14.91,Heatwave
2002,5,Europe,16.01,64.7,373.69,50.21,Heatwave
2002,5,North America,13.69,46.02,374.67,196.59,None
2002,5,South America,16.89,46.23,374.1,24.13,None
2002,5,Australia,19.07,39.86,374.85,13.37,Flood
2002,6,Asia,13.1,41.37,373.72,286.48,Heatwave
2002,6,Africa,13.73,87.27,373.36,23.81,Storm
2002,6,Europe,12.36,52.97,373.51,44.12,Heatwave
2002,6,North America,15.21,36.15,374.6,94.05,None
2002,6,South America,15.42,86.48,373.4,25.89,Drought
2002,6,Australia,13.3,78.9,373.25,26.11,Flood
2002,7,Asia,14.47,47.49,374.48,101.94,None
2002,7,Africa,19.08,56.21,374.36,19.13,Storm
2002,7,Europe,10.35,56.74,374.07,29.12,Drought
2002,7,North America,16.91,56.95,373.25,63.03,Flood
2002,7,South America,11.2,84.1,373.14,145.11,None
2002,7,Australia,16.36,77.95,373.4,96.22,Heatwave
2002,8,Asia,15.25,81.46,374.56,46.38,None
2002,8,Africa,19.03,70.09,373.58,143.78,Heatwave
2002,8,Europe,21.21,76.8,374.25,3.85,Flood
2002,8,North America,12.11,36.9,373.59,335.31,Drought
2002,8,South America,8.04,86.32,374.39,29.64,Drought
2002,8,Australia,14.59,80.69,374.15,97.23,Flood
2002,9,Asia,18.26,67.22,373.99,162.16,None
2002,9,Africa,17.31,75.51,373.25,15.47,Storm
2002,9,Europe,13.52,50.43,373.2,65.94,Storm
2002,9,North America,17.89,34.81,374.13,247.26,None
2002,9,South America,17.51,38.18,373.98,33.87,Flood
2002,9,Australia,20.93,65.6,373.52,151.96,Heatwave
2002,10,Asia,12.12,49.99,374.37,1.89,Heatwave
2002,10,Africa,12.13,62.69,374.78,28.04,Drought
2002,10,Europe,22.08,39.99,374.67,83.63,None
2002,10,North America,16.23,66.89,374.91,40.51,Drought
2002,10,South America,16.16,80.45,373.67,57.05,None
2002,10,Australia,15.88,45.88,373.36,50.0,Flood
2002,11,Asia,13.49,73.33,374.18,2.27,None
2002,11,Africa,16.09,63.23,374.95,25.76,Drought
2002,11,Europe,23.79,67.6,373.27,45.71,Storm
2002,11,North America,18.3,54.61,374.43,23.3,None
2002,11,South America,11.14,40.64,373.38,15.93,None
2002,11,Australia,14.87,72.74,374.68,23.54,Drought
2002,12,Asia,12.44,88.55,374.17,85.59,Drought
2002,12,Africa,19.04,62.45,373.58,68.7,None
2002,12,Europe,17.05,53.65,373.63,36.15,Flood
2002,12,North America,17.12,37.6,373.04,91.59,Drought
2002,12,South America,14.06,84.18,374.7,43.8,Heatwave
2002,12,Australia,8.11,71.85,373.35,19.14,None
2003,1,Asia,15.07,74.6,375.69,9.82,Drought
2003,1,Africa,23.05,68.59,375.62,137.84,None
2003,1,Europe,14.21,33.57,375.63,26.84,Drought
2003,1,North America,12.74,79.13,375.46,5.39,Flood
2003,1,South America,14.96,62.05,376.57,15.02,None
2003,1,Australia,18.81,37.63,375.43,24.24,None
2003,2,Asia,15.06,73.31,376.69,54.51,Storm
2003,2,Africa,15.27,70.16,376.55,85.22,None
2003,2,Europe,20.21,70.09,376.25,25.98,Flood
2003,2,North America,15.27,43.08,375.14,172.16,None
2003,2,South America,13.81,46.09,375.2,42.08,Drought
2003,2,Australia,18.65,36.4,376.8,55.21,None
2003,3,Asia,12.28,37.65,376.05,23.83,None
2003,3,Africa,14.11,51.25,376.89,16.55,Heatwave
2003,3,Europe,19.4,84.84,376.91,78.94,None
2003,3,North America,10.56,84.51,376.04,98.95,None
2003,3,South America,10.51,77.54,375.51,13.35,None
2003,3,Australia,16.33,69.72,376.72,63.51,Heatwave
2003,4,Asia,18.24,83.57,375.92,258.61,Drought
2003,4,Africa,13.27,46.99,375.35,3.99,Storm
2003,4,Europe,12.44,78.33,376.57,26.48,Drought
2003,4,North America,12.82,37.4,375.44,15.3,Heatwave
2003,4,South America,10.9,30.79,376.48,85.34,Heatwave
2003,4,Australia,16.36,37.87,375.21,74.01,Drought
2003,5,Asia,13.52,36.88,376.24,37.47,None
2003,5,Africa,15.56,75.52,376.36,210.98,None
2003,5,Europe,14.6,59.06,376.92,5.83,Flood
2003,5,North America,18.51,61.01,376.59,101.88,None
2003,5,South America,11.28,70.59,376.62,257.32,Storm
2003,5,Australia,14.37,36.52,376.65,48.03,None
2003,6,Asia,16.76,61.77,376.93,116.07,None
2003,6,Africa,17.62,80.95,376.42,18.47,Flood
2003,6,Europe,17.21,89.42,375.26,125.29,Flood
2003,6,North America,17.55,51.73,375.38,17.71,None
2003,6,South America,15.96,30.91,376.9,1.4,None
2003,6,Australia,12.56,59.26,376.8,8.16,None
2003,7,Asia,11.33,57.35,376.29,44.07,None
2003,7,Africa,19.47,40.79,376.01,243.07,None
2003,7,Europe,14.37,46.58,376.88,52.45,Drought
2003,7,North America,11.25,59.6,375.5,24.52,Drought
2003,7,South America,18.95,50.61,375.97,59.25,None
2003,7,Australia,12.89,63.64,375.62,48.57,Heatwave
2003,8,Asia,15.85,70.01,375.75,137.72,None
2003,8,Africa,17.07,53.43,376.74,75.14,None
2003,8,Europe,13.52,42.85,375.72,61.48,Storm
2003,8,North America,11.01,69.0,375.68,38.35,Heatwave
2003,8,South America,12.42,50.44,376.01,15.72,None
2003,8,Australia,12.76,68.61,375.11,11.32,None
2003,9,Asia,19.49,84.75,376.64,28.35,None
2003,9,Africa,19.55,80.95,376.52,70.46,None
2003,9,Europe,14.98,52.56,375.45,212.27,Drought
2003,9,North America,12.21,61.89,375.73,184.1,Heatwave
2003,9,South America,9.93,34.75,375.94,74.48,Drought
2003,9,Australia,19.16,66.46,376.66,3.58,None
2003,10,Asia,11.02,72.05,375.68,49.42,None
2003,10,Africa,14.53,35.09,376.34,33.79,Drought
2003,10,Europe,15.58,53.91,375.78,30.14,None
2003,10,North America,13.59,49.27,375.28,20.92,Flood
2003,10,South America,19.75,81.42,375.55,56.97,Drought
2003,10,Australia,14.94,80.81,376.23,102.8,Drought
2003,11,Asia,15.04,66.11,375.67,20.5,None
2003,11,Africa,12.49,82.35,375.11,46.54,Storm
2003,11,Europe,14.34,48.18,376.6,50.73,Drought
2003,11,North America,14.59,60.25,375.44,56.84,None
2003,11,South America,3.68,32.61,375.03,58.19,None
2003,11,Australia,15.23,82.67,376.68,0.88,Heatwave
2003,12,Asia,19.07,71.48,376.48,257.55,None
2003,12,Africa,9.36,58.2,375.13,97.15,Storm
2003,12,Europe,12.76,70.56,375.09,46.34,Storm
2003,12,North America,9.85,87.34,376.34,6.42,None
2003,12,South America,14.59,88.31,375.93,50.48,Heatwave
2003,12,Australia,13.43,48.9,376.51,81.45,Storm
2004,1,Asia,16.16,32.01,377.68,42.0,None
2004,1,Africa,20.51,77.22,377.43,190.08,Drought
2004,1,Europe,14.99,51.74,377.85,6.5,Storm
2004,1,North America,20.04,39.3,377.51,19.17,Flood
2004,1,South America,14.0,44.72,377.7,18.97,Storm
2004,1,Australia,11.66,81.58,377.56,117.35,Drought
2004,2,Asia,15.97,62.7,377.8,21.38,Drought
2004,2,Africa,19.09,67.68,377.13,9.2,None
2004,2,Europe,11.82,58.15,378.88,40.77,None
2004,2,North America,15.94,39.31,378.21,24.19,Drought
2004,2,South America,20.32,81.25,377.41,64.97,Drought
2004,2,Australia,15.53,80.68,377.37,39.96,Flood
2004,3,Asia,15.37,74.15,377.1,39.36,None
2004,3,Africa,17.57,44.82,377.07,5.62,None
2004,3,Europe,18.85,75.03,377.34,203.28,Heatwave
2004,3,North America,16.07,73.34,378.63,31.6,Heatwave
2004,3,South America,18.66,81.71,378.68,177.03,Heatwave
2004,3,Australia,15.98,84.24,377.62,6.34,None
2004,4,Asia,14.23,70.58,377.77,11.55,Storm
2004,4,Africa,15.77,76.21,377.55,224.55,Flood
2004,4,Europe,16.23,61.85,377.46,431.81,None
2004,4,North America,15.72,31.45,378.73,111.07,Drought
2004,4,South America,19.54,41.49,377.11,21.68,None
2004,4,Australia,12.3,58.37,377.32,78.87,None
2004,5,Asia,15.75,69.01,377.34,62.03,None
2004,5,Africa,12.38,74.97,378.15,26.74,Heatwave
2004,5,Europe,12.96,49.64,378.12,18.52,None
2004,5,North America,14.21,36.67,377.73,52.81,None
2004,5,South America,13.61,43.0,377.16,57.33,None
2004,5,Australia,13.32,78.74,378.46,11.57,Drought
2004,6,Asia,15.48,62.82,378.87,29.44,None
2004,6,Africa,10.05,74.99,378.51,194.46,None
2004,6,Europe,12.58,37.52,378.11,65.92,None
2004,6,North America,10.17,65.22,378.73,9.33,None
2004,6,South America,16.44,57.64,377.12,30.64,Storm
2004,6,Australia,13.44,47.96,378.78,60.92,None
2004,7,Asia,18.8,52.72,377.3,9.55,None
2004,7,Africa,13.74,57.04,377.61,65.21,None
2004,7,Europe,10.54,64.07,378.73,103.97,Heatwave
2004,7,North America,17.04,83.06,377.22,58.12,Drought
2004,7,South America,21.57,58.93,378.39,17.59,Storm
2004,7,Australia,21.11,67.37,377.6,50.4,Storm
2004,8,Asia,13.45,79.79,378.15,45.53,Flood
2004,8,Africa,17.0,70.93,377.41,12.85,None
2004,8,Europe,15.55,65.41,377.98,101.47,Flood
2004,8,North America,13.81,47.78,377.19,209.21,None
2004,8,South America,15.23,83.33,377.49,33.84,Heatwave
2004,8,Australia,12.36,89.98,378.54,40.78,Heatwave
2004,9,Asia,16.01,39.07,377.92,32.0,None
2004,9,Africa,13.32,71.83,378.71,164.68,Heatwave
2004,9,Europe,10.78,85.88,377.37,139.1,Flood
2004,9,North America,15.31,64.78,377.11,135.52,None
2004,9,South America,13.5,38.15,378.45,31.68,Flood
2004,9,Australia,14.54,75.8,378.5,120.62,Heatwave
2004,10,Asia,15.32,45.89,377.79,13.48,Heatwave
2004,10,Africa,14.04,78.61,377.03,33.8,Storm
2004,10,Europe,17.11,53.03,377.74,7.77,Storm
2004,10,North America,15.85,74.59,377.72,44.24,Heatwave
2004,10,South America,17.33,70.76,378.85,66.44,Storm
2004,10,Australia,20.07,81.05,378.28,59.65,None
2004,11,Asia,18.92,44.5,378.0,19.39,Heatwave
2004,11,Africa,10.7,35.15,377.4,39.62,Drought
2004,11,Europe,17.14,30.77,377.27,39.07,None
2004,11,North America,14.8,71.49,378.42,6.99,Drought
2004,11,South America,12.91,62.38,377.38,93.59,Flood
2004,11,Australia,17.85,52.9,378.35,73.44,None
2004,12,Asia,15.61,37.58,378.32,41.8,Heatwave
2004,12,Africa,17.83,41.05,377.77,38.64,None
2004,12,Europe,12.71,47.39,378.4,19.7,Flood
2004,12,North America,16.75,33.42,377.54,60.99,Storm
2004,12,South America,8.52,77.73,378.25,57.58,Drought
2004,12,Australia,15.11,78.17,378.36,4.72,None
2005,1,Asia,18.59,81.91,379.72,188.83,None
2005,1,Africa,13.19,61.34,379.02,92.37,None
2005,1,Europe,18.04,85.36,380.82,19.78,Heatwave
2005,1,North America,17.99,48.34,380.34,114.33,Drought
2005,1,South America,16.81,69.07,379.89,106.89,Flood
2005,1,Australia,8.68,35.86,380.85,91.08,Flood
2005,2,Asia,20.11,39.0,379.95,178.17,Flood
2005,2,Africa,18.67,38.71,380.02,314.11,Heatwave
2005,2,Europe,18.19,30.96,379.24,26.38,Drought
2005,2,North America,19.07,36.01,380.13,36.66,None
2005,2,South America,17.03,39.7,380.3,37.88,Storm
2005,2,Australia,12.31,74.13,380.91,266.18,None
2005,3,Asia,12.63,52.45,380.4,193.5,None
2005,3,Africa,11.26,76.58,379.67,63.78,Heatwave
2005,3,Europe,22.29,40.38,379.66,93.18,Flood
2005,3,North America,15.41,79.09,379.78,83.51,Storm
2005,3,South America,12.93,41.28,379.7,51.83,Storm
2005,3,Australia,16.63,47.38,379.72,20.19,Flood
2005,4,Asia,18.25,33.37,380.34,141.11,None
2005,4,Africa,12.81,74.78,379.23,60.71,Flood
2005,4,Europe,15.94,59.04,380.98,44.91,None
2005,4,North America,15.83,76.06,379.68,247.49,Storm
2005,4,South America,14.62,31.98,379.44,15.79,Heatwave
2005,4,Australia,12.65,59.69,379.2,71.81,Flood
2005,5,Asia,17.16,73.53,380.55,2.62,None
2005,5,Africa,18.89,39.27,380.33,36.15,None
2005,5,Europe,14.02,61.44,380.76,0.56,None
2005,5,North America,15.7,63.55,379.91,145.74,None
2005,5,South America,19.19,64.46,380.45,31.98,Storm
2005,5,Australia,15.23,42.23,380.94,43.96,Drought
2005,6,Asia,16.97,72.61,380.3,82.73,Heatwave
2005,6,Africa,13.1,59.75,379.87,59.44,Storm
2005,6,Europe,16.58,63.49,379.36,4.16,Flood
2005,6,North America,15.94,35.16,379.42,12.73,None
2005,6,South America,11.71,83.65,380.34,102.85,Flood
2005,6,Australia,16.13,51.53,379.02,6.19,None
2005,7,Asia,14.54,34.07,379.99,39.92,None
2005,7,Africa,14.1,59.03,380.36,2.55,Drought
2005,7,Europe,16.42,55.23,379.64,4.38,None
2005,7,North America,12.3,48.23,380.73,117.08,Storm
2005,7,South America,13.72,85.46,380.72,37.53,None
2005,7,Australia,15.79,66.96,379.94,263.88,Heatwave
2005,8,Asia,17.48,73.64,379.14,49.88,Flood
2005,8,Africa,13.49,81.47,380.46,90.23,None
2005,8,Europe,14.94,37.97,379.49,109.5,Heatwave
2005,8,North America,10.7,70.72,380.98,96.96,Heatwave
2005,8,South America,15.46,72.12,379.03,172.83,None
2005,8,Australia,15.82,30.74,380.69,96.36,Storm
2005,9,Asia,12.51,50.82,379.5,50.43,None
2005,9,Africa,16.53,48.42,380.63,25.9,Drought
2005,9,Europe,18.27,50.86,379.32,13.32,None
2005,9,North America,16.29,46.16,379.83,106.69,Drought
2005,9,South America,14.07,82.29,379.0,222.44,None
2005,9,Australia,19.89,82.55,380.1,3.36,Flood
2005,10,Asia,9.96,57.7,379.9,137.75,None
2005,10,Africa,17.28,50.12,380.61,28.43,Heatwave
2005,10,Europe,19.38,58.77,380.36,141.47,Flood
2005,10,North America,18.96,70.43,379.59,3.34,None
2005,10,South America,14.97,42.61,380.83,60.71,Flood
2005,10,Australia,14.25,35.75,380.66,3.53,Storm
2005,11,Asia,15.74,81.89,379.32,45.74,None
2005,11,Africa,16.36,64.19,379.88,26.42,None
2005,11,Europe,16.07,42.59,379.31,45.43,Storm
2005,11,North America,13.1,65.88,379.19,74.12,None
2005,11,South America,18.43,51.79,379.21,102.36,Flood
2005,11,Australia,13.38,60.32,380.64,90.99,Flood
2005,12,Asia,12.03,44.0,380.29,6.31,Drought
2005,12,Africa,13.68,44.8,380.79,13.98,Heatwave
2005,12,Europe,12.76,76.02,380.02,13.19,Heatwave
2005,12,North America,12.7,64.85,379.12,61.39,Drought
2005,12,South America,7.05,70.61,379.92,14.53,Flood
2005,12,Australia,17.41,62.3,380.92,72.83,Heatwave
2006,1,Asia,22.92,60.87,381.11,78.64,Storm
2006,1,Africa,12.06,47.96,381.62,228.15,Heatwave
2006,1,Europe,12.5,48.68,381.54,51.48,Storm
2006,1,North America,19.88,43.39,382.54,38.69,Flood
2006,1,South America,17.24,49.6,381.87,124.99,Storm
2006,1,Australia,22.08,36.12,381.1,10.74,Drought
2006,2,Asia,16.83,56.11,381.48,50.74,Flood
2006,2,Africa,19.02,33.65,382.33,10.24,Flood
2006,2,Europe,9.84,30.97,381.21,31.49,Drought
2006,2,North America,15.85,62.32,382.09,3.1,Heatwave
2006,2,South America,16.44,49.05,381.08,169.78,Storm
2006,2,Australia,13.97,45.55,382.98,100.47,None
2006,3,Asia,14.18,39.73,382.39,35.07,None
2006,3,Africa,11.67,55.61,381.46,236.97,Drought
2006,3,Europe,23.3,34.33,381.45,1.25,Flood
2006,3,North America,10.92,34.51,382.81,111.78,None
2006,3,South America,12.84,80.62,382.41,2.91,None
2006,3,Australia,16.89,63.36,381.19,102.59,None
2006,4,Asia,20.29,45.15,381.25,123.05,Storm
2006,4,Africa,22.38,81.38,382.08,131.6,Storm
2006,4,Europe,10.77,52.46,382.9,78.89,Storm
2006,4,North America,17.72,37.04,381.97,57.3,Flood
2006,4,South America,12.63,75.54,382.17,162.32,None
2006,4,Australia,8.83,75.83,381.47,98.38,Heatwave
2006,5,Asia,15.25,77.69,382.92,12.88,None
2006,5,Africa,19.15,43.48,382.92,130.27,None
2006,5,Europe,21.21,87.85,382.16,22.31,None
2006,5,North America,11.81,59.4,381.07,2.61,None
2006,5,South America,12.03,57.93,381.69,48.55,None
2006,5,Australia,13.34,63.78,381.51,292.26,Flood
2006,6,Asia,14.45,37.08,381.68,209.43,Storm
2006,6,Africa,13.87,79.91,381.17,0.39,None
2006,6,Europe,16.73,34.37,382.46,84.12,Drought
2006,6,North America,13.85,88.84,382.55,88.96,None
2006,6,South America,15.54,59.15,382.89,26.2,None
2006,6,Australia,17.03,64.75,382.86,180.34,None
2006,7,Asia,15.12,76.08,382.49,127.64,Heatwave
2006,7,Africa,18.38,73.66,382.44,118.23,Flood
2006,7,Europe,22.86,78.85,381.31,22.95,Heatwave
2006,7,North America,17.29,55.02,382.09,32.34,None
2006,7,South America,11.42,70.95,381.12,7.14,None
2006,7,Australia,19.3,68.43,381.49,0.42,Flood
2006,8,Asia,13.9,54.42,381.67,16.73,Storm
2006,8,Africa,15.91,68.01,381.65,51.35,Storm
2006,8,Europe,15.02,67.2,381.98,30.96,Storm
2006,8,North America,14.22,81.47,381.55,117.42,None
2006,8,South America,21.96,59.58,382.61,170.83,Storm
2006,8,Australia,9.21,59.44,381.36,134.61,Drought
2006,9,Asia,12.17,70.84,381.13,62.51,None
2006,9,Africa,16.29,85.83,382.29,82.02,Flood
2006,9,Europe,15.59,78.99,382.64,62.55,Storm
2006,9,North America,12.97,74.57,381.29,80.01,Flood
2006,9,South America,19.04,41.35,381.66,134.93,Storm
2006,9,Australia,13.77,66.01,381.77,11.97,Drought
2006,10,Asia,19.24,66.47,381.01,3.04,Heatwave
2006,10,Africa,15.47,75.4,381.52,11.25,Storm
2006,10,Europe,19.15,68.0,381.37,10.1,Flood
2006,10,North America,14.59,55.55,381.23,102.48,None
2006,10,South America,11.34,44.38,382.15,68.47,None
2006,10,Australia,19.71,64.73,381.56,1.71,Storm
2006,11,Asia,13.62,59.43,382.35,61.47,Storm
2006,11,Africa,22.85,46.51,382.11,58.64,None
2006,11,Europe,13.56,31.19,382.28,19.15,Heatwave
2006,11,North America,4.81,64.24,381.29,61.54,Drought
2006,11,South America,15.69,63.41,382.26,189.06,Storm
2006,11,Australia,15.06,36.22,382.37,35.87,Drought
2006,12,Asia,14.42,69.07,381.49,55.4,Flood
2006,12,Africa,13.82,65.58,381.98,108.37,None
2006,12,Europe,18.27,80.6,381.82,97.3,Storm
2006,12,North America,11.68,85.74,382.87,159.99,None
2006,12,South America,14.23,45.97,382.54,16.16,Drought
2006,12,Australia,15.43,43.96,382.3,104.41,Heatwave
2007,1,Asia,12.73,47.64,384.08,22.65,None
2007,1,Africa,17.21,37.53,384.77,140.24,Storm
2007,1,Europe,18.23,84.84,384.61,6.22,Storm
2007,1,North America,19.92,79.54,383.31,61.17,None
2007,1,South America,15.14,46.78,384.68,61.45,Drought
2007,1,Australia,14.26,71.51,383.79,14.97,Flood
2007,2,Asia,12.05,82.49,384.24,32.71,None
2007,2,Africa,10.72,72.69,383.2,70.12,None
2007,2,Europe,15.82,55.32,384.56,3.02,None
2007,2,North America,17.42,32.59,383.32,111.1,Heatwave
2007,2,South America,15.95,69.59,384.38,91.96,Heatwave
2007,2,Australia,12.92,80.16,383.71,186.09,Flood
2007,3,Asia,17.08,69.79,383.41,29.79,None
2007,3,Africa,19.18,36.58,384.9,240.75,None
2007,3,Europe,16.22,40.17,384.46,356.6,Storm
2007,3,North America,14.43,41.45,383.57,61.94,None
2007,3,South America,12.96,46.77,383.51,69.77,Heatwave
2007,3,Australia,15.61,56.61,384.61,91.12,Storm
2007,4,Asia,14.79,46.14,383.1,1.52,Flood
2007,4,Africa,14.85,85.23,383.64,20.33,Storm
2007,4,Europe,17.87,81.36,384.41,112.35,Flood
2007,4,North America,19.98,56.91,383.19,81.45,Heatwave
2007,4,South America,16.24,47.26,383.26,25.59,Heatwave
2007,4,Australia,10.62,35.08,384.47,198.92,None
2007,5,Asia,10.65,83.56,383.75,87.11,Heatwave
2007,5,Africa,20.77,63.75,383.63,427.58,Heatwave
2007,5,Europe,19.88,54.4,384.56,59.05,Flood
2007,5,North America,17.91,53.69,383.22,291.61,Flood
2007,5,South America,16.91,61.94,383.85,198.28,None
2007,5,Australia,17.53,66.6,383.73,29.37,None
2007,6,Asia,13.95,33.83,383.5,7.34,None
2007,6,Africa,14.96,56.61,383.44,85.42,Drought
2007,6,Europe,17.32,47.15,384.86,146.48,None
2007,6,North America,16.06,73.13,384.25,127.19,Drought
2007,6,South America,10.89,87.28,384.75,23.94,None
2007,6,Australia,15.18,55.63,383.76,21.42,Heatwave
2007,7,Asia,14.99,39.1,384.56,30.97,Flood
2007,7,Africa,14.21,84.47,384.2,205.77,Flood
2007,7,Europe,10.42,36.03,384.39,90.7,None
2007,7,North America,15.32,49.19,384.28,259.69,None
2007,7,South America,16.91,52.56,383.19,185.35,None
2007,7,Australia,15.56,89.92,384.43,13.35,None
2007,8,Asia,13.24,70.74,384.95,17.71,Drought
2007,8,Africa,10.76,38.73,384.57,19.52,None
2007,8,Europe,13.91,68.56,384.19,117.88,None
2007,8,North America,12.28,55.72,383.12,74.75,None
2007,8,South America,13.13,41.68,384.92,103.95,Flood
2007,8,Australia,12.32,46.36,383.81,22.75,Flood
2007,9,Asia,11.63,55.41,384.04,320.8,None
2007,9,Africa,8.58,77.52,383.7,53.5,Heatwave
2007,9,Europe,10.13,60.91,383.14,83.23,Flood
2007,9,North America,12.19,30.38,383.82,16.66,Storm
2007,9,South America,20.42,84.41,384.39,22.35,Drought
2007,9,Australia,18.49,37.55,384.19,38.32,Drought
2007,10,Asia,20.89,70.63,383.18,63.17,Heatwave
2007,10,Africa,15.82,45.58,383.13,1.42,Heatwave
2007,10,Europe,18.08,38.96,383.49,446.84,Storm
2007,10,North America,11.07,45.78,383.47,98.84,Storm
2007,10,South America,17.25,74.22,384.39,35.08,Flood
2007,10,Australia,14.86,41.39,384.3,113.62,Storm
2007,11,Asia,21.36,71.23,384.14,15.59,Storm
2007,11,Africa,15.37,62.18,383.65,22.81,None
2007,11,Europe,18.06,84.34,383.17,208.78,Storm
2007,11,North America,11.67,51.24,384.52,18.96,Flood
2007,11,South America,12.84,34.96,383.98,61.41,None
2007,11,Australia,11.58,65.34,384.99,29.41,Storm
2007,12,Asia,15.33,56.42,383.68,0.52,Storm
2007,12,Africa,15.45,53.07,383.6,1.3,None
2007,12,Europe,12.45,50.68,384.57,170.63,Drought
2007,12,North America,15.27,75.95,384.62,1.84,Storm
2007,12,South America,12.35,83.66,383.98,184.11,Heatwave
2007,12,Australia,12.83,78.23,383.94,2.34,Storm
2008,1,Asia,19.03,34.14,385.39,43.62,None
2008,1,Africa,16.64,31.57,386.44,81.96,Flood
2008,1,Europe,17.6,75.11,386.62,93.85,None
2008,1,North America,20.87,84.08,385.46,70.86,Drought
2008,1,South America,15.28,35.33,385.45,133.99,Flood
2008,1,Australia,11.07,48.7,385.76,15.17,None
2008,2,Asia,14.66,42.46,385.22,42.15,None
2008,2,Africa,17.5,58.96,386.42,38.71,Drought
2008,2,Europe,12.83,37.73,386.63,3.07,Heatwave
2008,2,North America,13.99,62.94,386.24,16.6,Flood
2008,2,South America,19.14,85.34,385.59,81.15,None
2008,2,Australia,18.33,72.8,386.0,53.05,None
2008,3,Asia,17.44,43.62,385.79,9.77,Storm
2008,3,Africa,18.36,82.22,385.4,46.3,None
2008,3,Europe,17.97,33.31,386.17,6.64,None
2008,3,North America,12.46,84.77,385.98,52.49,Heatwave
2008,3,South America,12.88,37.98,385.3,197.92,Flood
2008,3,Australia,15.51,43.82,385.96,58.28,Storm
2008,4,Asia,11.78,49.31,385.39,6.84,None
2008,4,Africa,13.86,60.0,385.7,2.41,Flood
2008,4,Europe,11.95,66.39,386.22,48.26,Heatwave
2008,4,North America,14.24,44.87,385.6,169.35,None
2008,4,South America,12.85,30.61,385.82,286.28,Storm
2008,4,Australia,13.85,57.01,386.51,454.22,None
2008,5,Asia,14.78,88.32,386.69,187.91,Heatwave
2008,5,Africa,13.41,38.74,385.52,2.84,Heatwave
2008,5,Europe,13.32,63.7,386.75,5.76,None
2008,5,North America,18.25,37.14,385.1,56.78,Heatwave
2008,5,South America,15.4,70.83,386.28,15.68,None
2008,5,Australia,12.04,74.24,386.14,25.66,Storm
2008,6,Asia,11.44,50.86,386.38,23.68,Heatwave
2008,6,Africa,13.48,36.08,386.11,44.29,None
2008,6,Europe,14.43,50.19,385.08,43.8,None
2008,6,North America,15.61,88.87,385.8,23.4,None
2008,6,South America,15.53,63.02,385.6,90.01,Flood
2008,6,Australia,9.84,80.41,386.08,177.33,Storm
2008,7,Asia,15.6,84.07,385.91,2.9,None
2008,7,Africa,20.24,80.74,386.78,26.11,Drought
2008,7,Europe,14.42,47.14,386.61,6.28,None
2008,7,North America,14.66,49.57,385.06,42.95,Storm
2008,7,South America,17.25,71.73,386.94,201.21,Drought
2008,7,Australia,13.17,88.07,386.05,25.14,Flood
2008,8,Asia,13.0,55.36,385.12,29.13,Flood
2008,8,Africa,15.23,73.71,385.11,21.23,None
2008,8,Europe,19.45,60.82,385.5,9.4,Drought
2008,8,North America,13.09,72.44,386.08,212.12,Drought
2008,8,South America,18.6,31.54,385.18,72.43,Heatwave
2008,8,Australia,13.62,38.86,385.27,52.44,Storm
2008,9,Asia,18.85,62.4,386.09,160.91,Drought
2008,9,Africa,18.42,45.97,385.86,30.75,None
2008,9,Europe,16.96,60.03,385.43,72.4,None
2008,9,North America,17.33,61.96,385.97,11.45,None
2008,9,South America,13.17,73.83,386.67,42.18,Heatwave
2008,9,Australia,9.56,56.3,386.79,146.52,Drought
2008,10,Asia,19.71,87.95,385.41,66.78,Storm
2008,10,Africa,11.74,69.83,386.42,25.72,None
2008,10,Europe,20.09,47.51,386.52,17.93,Storm
2008,10,North America,14.45,59.72,385.35,1.11,Drought
2008,10,South America,12.98,41.7,385.27,49.9,Storm
2008,10,Australia,13.65,51.13,385.56,106.45,Heatwave
2008,11,Asia,11.39,82.36,386.15,356.22,Storm
2008,11,Africa,16.03,77.16,385.17,487.35,Drought
2008,11,Europe,15.11,68.66,386.02,22.19,Drought
2008,11,North America,18.0,78.57,386.56,4.75,Heatwave
2008,11,South America,15.64,87.32,385.6,64.18,Heatwave
2008,11,Australia,18.03,84.76,385.77,212.94,Flood
2008,12,Asia,16.48,37.91,386.91,11.92,Heatwave
2008,12,Africa,10.38,72.13,386.25,14.75,None
2008,12,Europe,18.43,68.75,385.07,69.05,Drought
2008,12,North America,15.94,41.99,385.43,110.2,Drought
2008,12,South America,16.58,71.71,386.59,8.11,None
2008,12,Australia,16.2,89.72,386.48,205.27,None
2009,1,Asia,18.38,79.01,387.75,10.55,None
2009,1,Africa,17.03,43.17,387.94,6.12,Storm
2009,1,Europe,13.32,89.93,387.54,56.25,Heatwave
2009,1,North America,15.65,82.52,387.21,73.7,None
2009,1,South America,19.03,75.12,387.54,34.13,Flood
2009,1,Australia,9.37,46.48,388.01,50.52,Heatwave
2009,2,Asia,14.9,80.22,388.84,6.33,None
2009,2,Africa,9.1,62.36,388.78,30.6,Drought
2009,2,Europe,9.43,30.51,388.82,24.04,None
2009,2,North America,15.44,40.17,388.61,10.24,Heatwave
2009,2,South America,15.72,82.9,388.17,26.14,Drought
2009,2,Australia,18.79,69.05,388.7,175.65,None
2009,3,Asia,13.45,88.73,387.57,11.74,None
2009,3,Africa,12.81,68.1,387.0,129.99,Heatwave
2009,3,Europe,18.01,41.35,388.3,112.55,Storm
2009,3,North America,15.78,86.72,387.23,2.25,None
2009,3,South America,14.55,61.67,387.08,40.75,None
2009,3,Australia,16.9,48.83,388.78,56.28,Heatwave
2009,4,Asia,12.58,61.49,388.67,37.74,Drought
2009,4,Africa,14.45,87.2,387.22,14.05,Drought
2009,4,Europe,13.39,53.83,388.07,199.68,Drought
2009,4,North America,11.12,42.46,388.8,1.17,Drought
2009,4,South America,14.14,52.31,388.62,52.11,None
2009,4,Australia,15.25,77.15,387.6,0.49,None
2009,5,Asia,19.53,33.53,387.98,64.63,None
2009,5,Africa,17.74,32.66,387.79,3.95,Heatwave
2009,5,Europe,20.36,88.75,387.66,58.86,Flood
2009,5,North America,18.98,88.81,387.24,241.88,Storm
2009,5,South America,14.03,73.92,388.22,98.79,Flood
2009,5,Australia,16.44,31.02,388.75,57.26,None
2009,6,Asia,19.51,68.27,387.36,162.65,Heatwave
2009,6,Africa,16.24,30.51,387.97,31.07,Heatwave
2009,6,Europe,17.62,68.8,387.53,5.76,None
2009,6,North America,18.02,33.85,387.04,73.68,Storm
2009,6,South America,16.38,67.38,388.81,86.21,Storm
2009,6,Australia,14.07,79.7,388.53,207.74,Flood
2009,7,Asia,19.16,86.76,388.96,11.05,Storm
2009,7,Africa,18.98,43.98,387.92,145.34,Storm
2009,7,Europe,16.23,85.03,387.41,326.04,None
2009,7,North America,12.84,61.2,387.47,169.25,Drought
2009,7,South America,15.29,48.09,387.2,38.19,None
2009,7,Australia,10.68,60.94,387.14,35.56,Heatwave
2009,8,Asia,16.99,42.53,387.14,16.07,Heatwave
2009,8,Africa,18.71,46.64,387.56,9.22,None
2009,8,Europe,11.3,53.98,387.94,2.61,Drought
2009,8,North America,16.06,56.71,387.74,8.58,None
2009,8,South America,16.55,71.8,388.94,21.21,Heatwave
2009,8,Australia,17.08,39.2,388.95,84.59,Flood
2009,9,Asia,13.48,58.38,388.94,47.97,None
2009,9,Africa,11.36,74.39,388.08,19.82,Heatwave
2009,9,Europe,10.52,38.71,387.73,7.83,Heatwave
2009,9,North America,15.72,58.96,387.4,260.96,None
2009,9,South America,16.44,31.86,387.36,32.12,None
2009,9,Australia,17.94,80.84,388.11,100.6,None
2009,10,Asia,12.09,71.47,388.04,121.71,None
2009,10,Africa,21.41,77.48,388.79,8.21,Storm
2009,10,Europe,8.27,71.52,388.78,12.5,Heatwave
2009,10,North America,11.75,82.81,388.17,39.73,Storm
2009,10,South America,19.31,41.83,387.34,207.63,None
2009,10,Australia,13.41,38.87,388.63,127.19,None
2009,11,Asia,9.52,71.15,388.78,9.59,None
2009,11,Africa,12.97,31.96,387.16,75.15,Storm
2009,11,Europe,12.98,49.69,387.38,2.87,None
2009,11,North America,13.15,80.2,388.8,45.73,Flood
2009,11,South America,14.75,48.29,387.19,75.83,Storm
2009,11,Australia,12.32,31.75,388.79,30.44,None
2009,12,Asia,13.28,51.58,387.35,10.14,Heatwave
2009,12,Africa,11.04,76.42,387.88,18.11,Storm
2009,12,Europe,18.75,39.79,388.56,57.08,Heatwave
2009,12,North America,14.81,42.21,388.19,94.9,Drought
2009,12,South America,13.53,50.63,388.69,52.96,Storm
2009,12,Australia,18.65,79.25,388.69,7.08,Storm
2010,1,Asia,18.35,59.42,389.77,72.86,Flood
2010,1,Africa,13.24,87.23,389.21,13.74,Drought
2010,1,Europe,12.39,77.14,389.07,45.14,Heatwave
2010,1,North America,12.68,40.29,390.58,1.15,Heatwave
2010,1,South America,9.16,31.81,389.08,76.48,None
2010,1,Australia,16.44,74.48,390.13,35.2,Drought
2010,2,Asia,13.02,87.87,389.62,10.09,None
2010,2,Africa,15.53,68.77,389.24,27.14,Flood
2010,2,Europe,15.84,81.26,389.22,90.4,Heatwave
2010,2,North America,12.57,48.56,389.52,13.26,None
2010,2,South America,23.11,44.27,389.46,109.98,None
2010,2,Australia,14.38,80.41,390.23,100.3,None
2010,3,Asia,13.74,32.27,389.65,169.3,Drought
2010,3,Africa,16.59,32.9,389.59,60.08,Drought
2010,3,Europe,15.45,81.55,390.89,57.46,None
2010,3,North America,16.39,57.5,390.45,41.06,None
2010,3,South America,13.46,32.75,390.5,50.79,Storm
2010,3,Australia,10.68,42.66,389.54,8.03,None
2010,4,Asia,12.92,32.61,389.47,84.68,Flood
2010,4,Africa,14.38,53.97,389.23,95.91,Heatwave
2010,4,Europe,14.8,40.47,390.85,125.18,None
2010,4,North America,17.85,39.16,390.71,20.79,None
2010,4,South America,12.85,45.32,389.3,34.53,None
2010,4,Australia,16.5,67.01,389.96,30.89,Heatwave
2010,5,Asia,12.99,76.69,390.97,158.05,None
2010,5,Africa,16.96,64.89,389.8,3.41,Heatwave
2010,5,Europe,17.26,73.62,389.51,71.15,Flood
2010,5,North America,18.55,57.38,390.66,38.25,None
2010,5,South America,11.3,39.09,390.52,95.49,Flood
2010,5,Australia,14.92,32.34,390.08,29.14,None
2010,6,Asia,13.05,80.55,389.66,80.49,None
2010,6,Africa,18.12,41.68,390.59,192.97,None
2010,6,Europe,10.31,42.59,389.23,88.22,None
2010,6,North America,18.16,77.64,389.2,46.78,Drought
2010,6,South America,16.9,63.62,390.04,85.28,Storm
2010,6,Australia,21.92,49.22,390.21,50.91,Flood
2010,7,Asia,12.53,42.86,390.4,38.25,None
2010,7,Africa,18.21,56.47,390.24,77.05,Flood
2010,7,Europe,14.18,41.82,390.89,80.64,None
2010,7,North America,17.89,87.14,390.64,59.66,Storm
2010,7,South America,14.59,34.43,389.98,38.39,Heatwave
2010,7,Australia,13.35,63.13,389.24,87.76,Storm
2010,8,Asia,16.24,81.11,389.34,61.41,Heatwave
2010,8,Africa,14.0,88.81,389.94,49.21,Heatwave
2010,8,Europe,11.72,32.23,389.7,5.05,Flood
2010,8,North America,14.45,75.16,389.61,9.93,None
2010,8,South America,6.04,68.11,390.59,15.7,None
2010,8,Australia,21.11,59.16,390.75,227.9,Flood
2010,9,Asia,15.38,58.15,389.53,78.16,None
2010,9,Africa,14.25,38.27,390.4,150.03,Drought
2010,9,Europe,15.49,66.15,389.2,7.67,Flood
2010,9,North America,14.49,55.61,390.56,84.2,None
2010,9,South America,13.15,64.2,389.55,66.44,None
2010,9,Australia,16.06,54.56,390.65,74.04,Heatwave
2010,10,Asia,11.46,43.93,390.14,32.44,Flood
2010,10,Africa,12.75,84.33,389.36,322.92,Heatwave
2010,10,Europe,14.24,35.46,390.08,21.7,Drought
2010,10,North America,12.69,36.16,390.15,107.27,Flood
2010,10,South America,14.74,33.54,389.58,246.2,Flood
2010,10,Australia,18.56,62.44,389.37,124.83,None
2010,11,Asia,15.79,72.41,390.7,50.08,Storm
2010,11,Africa,15.14,87.64,389.88,34.58,Flood
2010,11,Europe,15.33,83.15,390.83,252.96,None
2010,11,North America,14.8,73.66,389.67,251.94,Heatwave
2010,11,South America,16.58,45.96,390.05,38.51,None
2010,11,Australia,17.83,57.78,389.03,10.88,Flood
2010,12,Asia,16.12,49.04,389.66,54.53,Storm
2010,12,Africa,17.65,75.33,389.89,7.07,Drought
2010,12,Europe,14.48,68.49,389.22,23.83,Storm
2010,12,North America,11.24,56.38,390.42,18.69,None
2010,12,South America,13.11,66.11,389.13,17.71,None
2010,12,Australia,19.33,56.69,390.84,186.71,Drought
2011,1,Asia,16.56,80.62,392.64,14.51,None
2011,1,Africa,14.98,67.75,391.46,31.74,Heatwave
2011,1,Europe,12.85,50.99,391.1,42.73,Heatwave
2011,1,North America,14.94,60.13,391.31,9.56,Flood
2011,1,South America,17.06,54.38,392.2,91.89,Storm
2011,1,Australia,14.24,52.06,391.37,8.11,None
2011,2,Asia,14.28,30.24,391.15,119.89,None
2011,2,Africa,16.04,78.19,391.01,10.66,Drought
2011,2,Europe,16.79,51.55,391.65,48.67,Drought
2011,2,North America,14.75,35.98,392.17,343.85,Flood
2011,2,South America,16.47,43.88,392.71,118.96,None
2011,2,Australia,14.54,83.11,391.98,52.9,None
2011,3,Asia,17.26,56.81,391.64,71.51,Drought
2011,3,Africa,15.69,73.87,391.08,240.01,Drought
2011,3,Europe,18.21,66.36,391.98,109.62,Drought
2011,3,North America,18.52,88.29,391.82,67.02,Storm
2011,3,South America,16.15,77.28,392.44,33.25,Drought
2011,3,Australia,18.07,61.29,392.15,24.26,None
2011,4,Asia,14.76,89.94,392.04,19.25,None
2011,4,Africa,18.37,54.94,391.34,107.8,None
2011,4,Europe,12.53,50.13,391.61,35.79,None
2011,4,North America,15.38,44.52,391.89,76.59,Heatwave
2011,4,South America,18.92,66.77,391.4,11.81,None
2011,4,Australia,13.32,34.2,391.79,26.32,Flood
2011,5,Asia,17.82,57.23,392.63,35.21,Flood
2011,5,Africa,13.16,57.55,391.28,192.96,Heatwave
2011,5,Europe,23.08,88.01,392.52,54.75,None
2011,5,North America,17.79,34.95,392.3,0.3,None
2011,5,South America,11.28,62.51,392.55,111.8,Storm
2011,5,Australia,16.68,77.65,391.43,16.81,None
2011,6,Asia,13.46,79.37,392.6,56.16,Flood
2011,6,Africa,13.67,64.68,392.94,420.0,None
2011,6,Europe,10.49,52.08,391.02,126.8,Heatwave
2011,6,North America,11.71,78.03,392.33,136.89,None
2011,6,South America,18.67,82.49,391.67,64.9,Storm
2011,6,Australia,19.71,85.7,392.83,92.87,None
2011,7,Asia,15.09,51.5,391.93,81.06,None
2011,7,Africa,9.66,53.51,391.14,9.84,Storm
2011,7,Europe,15.92,76.01,391.12,21.88,None
2011,7,North America,14.31,58.27,391.33,77.05,Flood
2011,7,South America,11.54,48.37,392.95,49.8,None
2011,7,Australia,14.26,67.76,392.61,52.5,Heatwave
2011,8,Asia,18.13,86.03,392.42,42.7,Heatwave
2011,8,Africa,13.31,35.54,392.15,363.25,None
2011,8,Europe,15.61,34.27,391.6,42.71,None
2011,8,North America,15.18,75.74,391.48,17.72,Storm
2011,8,South America,23.93,68.23,392.43,81.72,Storm
2011,8,Australia,16.5,81.01,391.12,62.1,Flood
2011,9,Asia,15.19,82.63,392.7,276.77,Drought
2011,9,Africa,15.77,40.61,392.4,288.64,Drought
2011,9,Europe,11.11,46.15,392.26,70.73,Flood
2011,9,North America,14.42,69.37,391.72,21.83,Storm
2011,9,South America,16.55,34.82,391.33,13.36,None
2011,9,Australia,11.85,44.42,392.31,59.98,Storm
2011,10,Asia,14.26,68.06,391.02,25.81,Heatwave
2011,10,Africa,12.16,56.92,391.07,140.36,Drought
2011,10,Europe,9.64,65.1,392.35,28.91,Storm
2011,10,North America,15.46,70.98,391.83,7.34,Storm
2011,10,South America,14.44,32.42,391.96,20.1,Heatwave
2011,10,Australia,18.96,39.21,392.31,31.91,Drought
2011,11,Asia,11.8,88.75,392.47,155.81,None
2011,11,Africa,20.3,74.54,392.21,27.0,Drought
2011,11,Europe,14.84,63.78,392.21,74.69,Storm
2011,11,North America,18.69,35.02,391.46,46.94,Drought
2011,11,South America,14.66,72.06,392.03,41.02,Drought
2011,11,Australia,13.65,42.75,391.15,125.36,Storm
2011,12,Asia,15.02,47.73,392.63,160.31,Heatwave
2011,12,Africa,13.52,40.37,391.39,293.2,Drought
2011,12,Europe,14.96,39.41,391.17,89.14,Flood
2011,12,North America,15.94,68.58,392.06,142.25,Drought
2011,12,South America,14.4,58.76,391.91,83.83,Flood
2011,12,Australia,13.22,53.32,392.57,87.75,None
2012,1,Asia,12.67,54.54,393.04,60.39,Drought
2012,1,Africa,20.78,58.78,393.29,275.98,Heatwave
2012,1,Europe,11.73,69.24,394.58,192.52,Drought
2012,1,North America,17.65,71.04,394.4,58.43,Flood
2012,1,South America,20.49,77.63,393.09,34.08,Storm
2012,1,Australia,13.21,69.63,394.19,19.71,None
2012,2,Asia,13.31,32.51,393.93,62.45,Flood
2012,2,Africa,17.54,73.83,394.99,84.92,None
2012,2,Europe,16.53,38.61,394.34,15.5,Drought
2012,2,North America,20.66,60.99,394.41,58.07,Storm
2012,2,South America,13.93,54.58,393.24,51.01,Heatwave
2012,2,Australia,17.94,87.85,394.21,126.86,None
2012,3,Asia,19.24,76.81,394.64,51.2,Heatwave
2012,3,Africa,20.12,89.98,394.51,25.21,Drought
2012,3,Europe,19.64,89.68,394.82,251.31,Flood
2012,3,North America,16.49,65.79,393.5,31.27,None
2012,3,South America,15.34,45.82,393.71,3.45,None
2012,3,Australia,17.45,43.33,393.9,142.0,None
2012,4,Asia,13.78,79.06,393.31,99.92,Flood
2012,4,Africa,14.49,55.65,394.78,216.44,Flood
2012,4,Europe,16.2,50.36,394.89,48.87,None
2012,4,North America,10.57,33.19,394.95,259.24,None
2012,4,South America,15.09,31.2,394.49,37.79,Drought
2012,4,Australia,17.25,85.93,393.4,37.29,Drought
2012,5,Asia,18.36,31.16,394.43,60.09,Flood
2012,5,Africa,15.01,64.84,394.54,68.46,Flood
2012,5,Europe,11.45,83.7,394.24,260.34,Drought
2012,5,North America,15.44,37.94,394.81,98.47,Heatwave
2012,5,South America,13.56,54.61,394.62,129.7,None
2012,5,Australia,9.73,42.84,394.04,96.99,None
2012,6,Asia,15.0,59.38,394.55,120.92,Storm
2012,6,Africa,13.01,72.42,394.06,2.79,None
2012,6,Europe,15.99,71.35,394.88,34.15,Storm
2012,6,North America,14.15,35.92,393.99,57.36,None
2012,6,South America,11.28,80.29,394.07,114.67,Flood
2012,6,Australia,12.27,57.5,394.98,188.53,Flood
2012,7,Asia,19.09,47.26,394.79,5.64,Flood
2012,7,Africa,16.81,88.41,393.95,243.99,None
2012,7,Europe,18.18,86.72,393.98,68.09,None
2012,7,North America,13.41,80.76,394.56,85.09,Flood
2012,7,South America,8.81,82.5,394.54,151.3,Storm
2012,7,Australia,10.02,69.51,393.81,357.69,Heatwave
2012,8,Asia,15.56,79.57,394.1,132.32,None
2012,8,Africa,17.73,61.77,393.31,76.9,Drought
2012,8,Europe,10.07,84.44,393.04,133.5,Drought
2012,8,North America,11.02,74.69,394.21,2.25,Storm
2012,8,South America,17.74,71.81,394.1,9.22,Heatwave
2012,8,Australia,13.9,65.41,394.71,81.6,Storm
2012,9,Asia,12.97,88.01,394.66,267.95,Flood
2012,9,Africa,14.58,74.03,394.95,87.14,Drought
2012,9,Europe,17.13,67.25,393.15,15.63,Flood
2012,9,North America,16.5,49.39,393.38,92.81,Storm
2012,9,South America,19.84,78.65,394.09,104.94,None
2012,9,Australia,12.61,68.54,394.78,13.53,Drought
2012,10,Asia,14.38,76.48,393.79,94.15,Flood
2012,10,Africa,14.18,85.31,394.63,94.44,Storm
2012,10,Europe,20.29,38.51,393.67,16.26,Flood
2012,10,North America,13.28,46.71,394.9,156.22,None
2012,10,South America,9.3,86.27,394.06,3.49,Flood
2012,10,Australia,11.87,83.4,393.52,12.01,None
2012,11,Asia,16.31,69.07,394.22,29.13,Drought
2012,11,Africa,17.72,76.74,393.42,69.29,Drought
2012,11,Europe,19.3,46.1,393.49,23.3,Heatwave
2012,11,North America,12.2,77.89,394.23,66.81,Drought
2012,11,South America,13.87,57.54,393.34,4.72,Storm
2012,11,Australia,12.7,84.4,393.11,69.73,Flood
2012,12,Asia,13.51,87.95,394.64,232.35,Drought
2012,12,Africa,14.66,46.3,394.27,12.42,Flood
2012,12,Europe,6.66,70.05,393.09,182.27,Flood
2012,12,North America,14.0,85.23,393.65,97.18,None
2012,12,South America,12.63,87.7,394.02,14.51,None
2012,12,Australia,20.32,46.21,393.16,46.98,Heatwave
2013,1,Asia,16.9,31.61,395.32,139.47,Flood
2013,1,Africa,20.22,55.38,395.05,133.18,Drought
2013,1,Europe,12.93,49.1,395.6,34.31,Heatwave
2013,1,North America,15.79,73.48,396.01,14.36,None
2013,1,South America,16.09,46.54,395.07,96.94,Storm
2013,1,Australia,16.62,78.47,395.2,82.57,Flood
2013,2,Asia,15.27,49.79,396.63,1.45,Drought
2013,2,Africa,12.16,72.79,395.83,110.48,None
2013,2,Europe,11.46,78.68,396.53,57.2,Drought
2013,2,North America,17.98,69.49,396.08,51.54,None
2013,2,South America,14.51,54.48,395.93,172.33,None
2013,2,Australia,13.48,70.52,396.42,181.59,None
2013,3,Asia,16.95,63.09,395.39,15.74,Storm
2013,3,Africa,12.76,37.53,396.19,144.52,None
2013,3,Europe,13.09,71.85,396.29,97.89,Drought
2013,3,North America,12.46,59.73,396.01,27.73,Flood
2013,3,South America,13.98,44.99,395.34,177.17,Drought
2013,3,Australia,11.17,50.93,396.83,101.69,Flood
2013,4,Asia,22.66,69.92,396.35,118.38,Storm
2013,4,Africa,14.61,86.37,395.15,32.16,Flood
2013,4,Europe,19.79,72.52,396.11,8.76,None
2013,4,North America,13.62,41.77,395.07,42.3,Heatwave
2013,4,South America,14.92,71.56,396.89,66.93,Storm
2013,4,Australia,10.87,52.59,395.65,325.18,None
2013,5,Asia,14.61,59.31,395.49,52.67,Flood
2013,5,Africa,10.57,79.26,396.0,227.7,Heatwave
2013,5,Europe,15.9,52.93,396.23,36.55,None
2013,5,North America,16.39,74.05,396.36,203.37,None
2013,5,South America,16.56,39.65,395.72,133.17,Storm
2013,5,Australia,12.07,56.65,396.74,25.91,None
2013,6,Asia,10.75,49.37,396.96,32.77,Heatwave
2013,6,Africa,16.4,35.54,395.77,36.19,None
2013,6,Europe,13.13,64.55,396.21,7.55,Storm
2013,6,North America,12.02,53.74,396.26,166.08,Flood
2013,6,South America,17.57,56.13,395.58,37.16,Storm
2013,6,Australia,18.75,37.5,396.5,84.28,Flood
2013,7,Asia,8.7,73.53,396.51,58.93,Flood
2013,7,Africa,14.42,37.84,395.27,192.98,Storm
2013,7,Europe,11.59,65.23,395.49,6.98,Drought
2013,7,North America,13.61,61.49,395.46,53.69,Flood
2013,7,South America,17.15,52.1,395.14,129.5,Storm
2013,7,Australia,17.2,86.29,395.02,48.77,None
2013,8,Asia,13.9,55.53,396.5,137.22,Drought
2013,8,Africa,15.7,78.58,395.82,29.97,Heatwave
2013,8,Europe,16.13,57.02,395.48,16.25,Flood
2013,8,North America,22.02,48.27,396.1,81.31,Heatwave
2013,8,South America,18.86,80.78,396.33,49.88,None
2013,8,Australia,11.56,42.45,395.63,230.44,None
2013,9,Asia,14.9,30.79,396.98,98.81,Heatwave
2013,9,Africa,15.71,62.69,395.98,76.72,Drought
2013,9,Europe,16.3,40.97,396.76,19.43,Flood
2013,9,North America,14.37,38.41,395.37,120.96,None
2013,9,South America,15.41,36.49,395.29,42.48,Drought
2013,9,Australia,14.78,57.42,396.88,4.1,None
2013,10,Asia,8.25,76.72,396.29,2.53,Flood
2013,10,Africa,16.69,31.23,395.86,74.14,None
2013,10,Europe,18.83,71.25,396.42,22.68,None
2013,10,North America,19.84,61.76,396.11,7.59,Heatwave
2013,10,South America,13.39,71.5,396.69,184.35,Drought
2013,10,Australia,18.93,51.54,396.96,18.44,None
2013,11,Asia,12.85,45.73,395.1,13.22,None
2013,11,Africa,19.2,85.77,396.85,312.51,Flood
2013,11,Europe,16.35,34.52,396.17,156.94,Drought
2013,11,North America,10.75,73.42,395.18,193.87,Storm
2013,11,South America,17.95,88.38,395.31,89.24,None
2013,11,Australia,13.99,66.58,396.34,85.45,None
2013,12,Asia,14.92,72.0,395.37,100.78,Storm
2013,12,Africa,17.6,76.23,396.75,8.79,None
2013,12,Europe,15.27,38.58,396.03,51.41,Heatwave
2013,12,North America,14.27,86.99,396.62,170.42,Drought
2013,12,South America,13.77,54.32,396.75,1.75,Storm
2013,12,Australia,15.54,42.84,395.46,1.68,None
2014,1,Asia,14.24,45.36,398.03,126.74,Storm
2014,1,Africa,16.27,37.66,398.29,58.74,Drought
2014,1,Europe,12.96,61.47,397.7,10.05,Heatwave
2014,1,North America,12.72,70.13,397.81,65.13,Heatwave
2014,1,South America,18.82,38.93,397.15,110.12,None
2014,1,Australia,15.62,60.35,398.41,42.92,Flood
2014,2,Asia,16.54,46.07,397.88,5.4,Flood
2014,2,Africa,13.87,30.72,397.62,102.14,None
2014,2,Europe,17.84,79.54,398.75,70.86,None
2014,2,North America,10.77,84.17,398.52,40.34,None
2014,2,South America,20.89,48.77,397.38,102.21,None
2014,2,Australia,16.56,83.88,398.45,49.82,Drought
2014,3,Asia,16.08,37.06,398.61,3.43,Storm
2014,3,Africa,15.65,77.15,397.17,31.8,Storm
2014,3,Europe,23.57,87.53,398.57,316.22,Storm
2014,3,North America,16.51,50.14,397.35,132.73,Heatwave
2014,3,South America,21.67,74.24,398.15,69.38,Storm
2014,3,Australia,15.65,76.37,397.04,189.35,Storm
2014,4,Asia,17.74,60.48,398.11,36.29,None
2014,4,Africa,15.74,58.05,398.33,103.95,Flood
2014,4,Europe,20.18,30.74,398.65,98.49,Drought
2014,4,North America,13.12,52.31,397.89,117.12,None
2014,4,South America,17.1,65.52,398.93,147.7,None
2014,4,Australia,17.19,35.21,398.31,99.36,None
2014,5,Asia,16.7,37.29,397.61,54.63,Drought
2014,5,Africa,12.11,67.5,397.43,3.13,Heatwave
2014,5,Europe,15.72,62.17,397.28,9.42,Drought
2014,5,North America,15.38,67.06,397.45,241.23,Drought
2014,5,South America,13.19,72.88,398.66,16.28,Storm
2014,5,Australia,17.05,34.05,398.26,7.42,Heatwave
2014,6,Asia,12.6,35.41,397.12,155.0,Storm
2014,6,Africa,13.16,62.77,398.14,22.11,None
2014,6,Europe,16.26,54.27,398.73,58.67,Flood
2014,6,North America,21.49,87.36,397.81,6.52,None
2014,6,South America,19.51,72.22,398.5,52.93,None
2014,6,Australia,13.99,85.33,397.36,179.01,None
2014,7,Asia,12.21,53.21,397.75,3.5,Heatwave
2014,7,Africa,14.81,56.1,397.53,3.14,Flood
2014,7,Europe,15.43,68.93,398.31,50.99,Storm
2014,7,North America,11.05,42.31,398.33,37.71,Drought
2014,7,South America,9.06,49.61,397.63,169.89,None
2014,7,Australia,18.32,67.22,398.9,11.77,None
2014,8,Asia,22.56,59.41,398.94,15.49,None
2014,8,Africa,12.62,89.36,398.97,100.39,None
2014,8,Europe,10.88,45.45,398.07,157.54,Heatwave
2014,8,North America,17.72,76.43,398.93,10.33,None
2014,8,South America,21.33,55.02,398.92,50.41,Drought
2014,8,Australia,13.72,46.35,397.91,49.64,Heatwave
2014,9,Asia,13.09,79.33,398.48,6.82,None
2014,9,Africa,16.02,33.01,397.73,10.87,Heatwave
2014,9,Europe,8.06,65.87,398.29,67.88,None
2014,9,North America,10.72,32.5,398.37,54.21,Flood
2014,9,South America,18.52,79.99,397.02,12.46,Heatwave
2014,9,Australia,14.71,85.74,397.6,12.71,None
2014,10,Asia,15.92,48.64,398.58,36.69,Drought
2014,10,Africa,12.5,78.97,398.48,367.12,Storm
2014,10,Europe,15.27,68.05,397.35,28.47,Flood
2014,10,North America,17.14,87.72,398.59,64.43,Storm
2014,10,South America,18.84,53.44,398.59,56.52,None
2014,10,Australia,16.27,88.84,397.43,260.24,Heatwave
2014,11,Asia,16.93,44.56,397.79,151.98,Heatwave
2014,11,Africa,13.7,83.66,397.46,79.51,Storm
2014,11,Europe,16.84,76.93,397.82,177.54,None
2014,11,North America,15.07,76.13,397.81,43.87,Heatwave
2014,11,South America,15.46,72.77,397.17,66.12,None
2014,11,Australia,20.33,69.61,398.39,102.02,None
2014,12,Asia,16.31,75.66,397.65,145.47,None
2014,12,Africa,12.33,82.83,398.52,144.75,None
2014,12,Europe,15.28,68.66,397.78,31.67,None
2014,12,North America,16.5,55.78,397.08,68.24,Drought
2014,12,South America,13.37,44.81,398.27,88.4,Drought
2014,12,Australia,10.15,53.81,397.09,34.1,Flood
2015,1,Asia,13.78,88.57,399.79,12.33,Storm
2015,1,Africa,14.31,62.6,400.14,7.2,Storm
2015,1,Europe,14.67,48.87,400.88,58.7,Flood
2015,1,North America,10.55,51.43,400.66,23.13,None
2015,1,South America,13.66,47.03,400.47,10.51,None
2015,1,Australia,18.6,67.42,399.98,208.69,Drought
2015,2,Asia,11.42,85.8,399.39,68.8,Drought
2015,2,Africa,15.53,30.38,400.4,38.64,Drought
2015,2,Europe,14.84,48.51,399.03,46.36,None
2015,2,North America,14.79,61.44,400.98,104.58,Storm
2015,2,South America,13.45,80.68,399.27,35.14,Storm
2015,2,Australia,21.78,45.95,399.57,214.07,None
2015,3,Asia,13.34,51.77,399.11,60.08,Heatwave
2015,3,Africa,17.61,45.17,399.47,20.24,Flood
2015,3,Europe,15.1,87.11,399.93,43.86,Drought
2015,3,North America,15.62,53.14,400.91,27.15,Drought
2015,3,South America,11.92,67.2,400.43,170.02,Heatwave
2015,3,Australia,10.25,42.95,400.16,20.63,Flood
2015,4,Asia,23.54,65.03,400.45,41.36,None
2015,4,Africa,17.57,46.36,400.79,106.37,Heatwave
2015,4,Europe,10.92,46.68,399.54,43.73,None
2015,4,North America,14.36,72.93,399.68,317.14,Drought
2015,4,South America,19.76,48.27,400.63,85.99,Drought
2015,4,Australia,15.27,68.7,400.26,198.3,None
2015,5,Asia,14.32,39.55,400.41,64.84,Drought
2015,5,Africa,9.97,43.89,400.66,6.04,None
2015,5,Europe,14.21,45.72,399.04,160.54,Flood
2015,5,North America,13.52,35.49,399.98,52.57,Storm
2015,5,South America,14.87,30.95,400.28,0.51,None
2015,5,Australia,15.8,56.8,399.94,56.83,None
2015,6,Asia,12.39,76.61,399.42,83.92,Drought
2015,6,Africa,17.96,61.82,399.87,157.73,Flood
2015,6,Europe,20.9,78.02,399.75,11.57,None
2015,6,North America,15.48,48.02,399.43,84.24,Flood
2015,6,South America,11.36,63.58,400.22,23.96,Storm
2015,6,Australia,15.69,73.68,400.82,51.64,Heatwave
2015,7,Asia,18.41,67.36,400.99,103.44,Drought
2015,7,Africa,10.76,89.6,399.51,51.33,Flood
2015,7,Europe,14.22,57.76,400.34,20.12,Storm
2015,7,North America,12.73,37.45,399.23,125.07,Heatwave
2015,7,South America,17.31,48.68,399.65,31.33,None
2015,7,Australia,13.56,52.83,399.26,10.83,None
2015,8,Asia,10.65,76.98,399.79,27.7,Flood
2015,8,Africa,12.77,77.72,400.26,123.89,None
2015,8,Europe,20.58,32.97,400.65,62.19,None
2015,8,North America,13.93,80.43,399.99,14.52,Heatwave
2015,8,South America,13.22,33.13,400.28,125.33,None
2015,8,Australia,19.74,86.12,400.13,9.13,Flood
2015,9,Asia,13.35,51.07,399.66,66.28,Flood
2015,9,Africa,16.98,59.54,399.58,46.24,Flood
2015,9,Europe,18.14,67.36,400.29,22.73,None
2015,9,North America,13.19,42.72,400.7,14.4,Storm
2015,9,South America,20.34,76.4,399.71,19.25,Storm
2015,9,Australia,14.91,62.41,400.97,64.75,Heatwave
2015,10,Asia,17.62,62.62,399.08,129.01,Storm
2015,10,Africa,18.73,46.14,400.53,4.34,Drought
2015,10,Europe,17.38,53.89,399.19,33.82,Storm
2015,10,North America,16.31,36.48,400.65,36.92,None
2015,10,South America,13.34,65.09,400.29,14.07,Heatwave
2015,10,Australia,19.58,82.54,400.3,25.89,Flood
2015,11,Asia,18.46,74.25,400.05,68.04,None
2015,11,Africa,17.91,82.79,400.07,85.97,Heatwave
2015,11,Europe,12.98,41.59,400.68,7.08,Storm
2015,11,North America,17.29,35.58,399.53,27.23,Heatwave
2015,11,South America,12.3,45.05,399.29,78.02,None
2015,11,Australia,14.22,83.87,399.24,12.93,None
2015,12,Asia,16.87,33.31,399.92,152.39,Flood
2015,12,Africa,12.57,30.85,400.97,15.49,Heatwave
2015,12,Europe,15.65,73.98,399.43,192.31,Storm
2015,12,North America,15.29,33.3,400.16,19.17,Flood
2015,12,South America,11.14,52.53,400.01,36.19,None
2015,12,Australia,12.72,35.8,400.08,7.02,Heatwave
2016,1,Asia,14.31,80.59,401.04,73.15,None
2016,1,Africa,16.3,58.85,401.72,57.47,Heatwave
2016,1,Europe,10.06,48.4,402.84,41.82,None
2016,1,North America,15.75,65.24,402.72,78.93,None
2016,1,South America,12.48,59.36,401.17,62.25,Flood
2016,1,Australia,16.59,69.39,402.12,11.24,Storm
2016,2,Asia,13.94,68.78,401.74,29.53,Storm
2016,2,Africa,16.34,52.65,401.76,134.24,Heatwave
2016,2,Europe,17.67,59.92,401.46,23.75,None
2016,2,North America,17.14,32.66,401.1,18.89,Drought
2016,2,South America,12.84,68.82,402.08,28.06,None
2016,2,Australia,18.67,79.78,402.56,135.9,Drought
2016,3,Asia,21.68,62.25,401.48,31.85,Heatwave
2016,3,Africa,16.77,34.35,401.9,23.82,Storm
2016,3,Europe,16.23,65.33,402.94,213.08,None
2016,3,North America,17.56,88.29,401.96,101.8,Heatwave
2016,3,South America,13.41,71.42,402.66,12.47,Heatwave
2016,3,Australia,14.09,59.55,402.12,160.96,Flood
2016,4,Asia,14.67,38.4,402.35,82.59,Drought
2016,4,Africa,12.95,47.87,401.75,209.93,Heatwave
2016,4,Europe,14.84,40.88,402.31,18.22,Heatwave
2016,4,North America,17.12,68.76,401.13,21.39,Heatwave
2016,4,South America,17.84,37.65,402.5,6.05,None
2016,4,Australia,14.34,76.41,401.77,154.65,None
2016,5,Asia,20.57,64.51,402.56,27.68,Flood
2016,5,Africa,16.57,41.87,401.94,75.17,Drought
2016,5,Europe,14.18,77.17,401.59,119.59,Flood
2016,5,North America,14.4,89.27,402.71,19.73,Heatwave
2016,5,South America,17.65,36.22,402.33,106.7,Storm
2016,5,Australia,16.85,79.59,401.06,82.82,Storm
2016,6,Asia,15.25,89.55,401.12,23.6,Flood
2016,6,Africa,15.99,52.2,402.81,211.11,None
2016,6,Europe,10.05,82.08,401.24,46.83,Flood
2016,6,North America,16.51,83.83,401.22,145.15,None
2016,6,South America,15.56,88.82,401.14,67.49,None
2016,6,Australia,14.49,65.37,402.09,89.16,Flood
2016,7,Asia,18.53,79.95,402.45,83.68,Drought
2016,7,Africa,13.95,36.75,401.44,2.79,None
2016,7,Europe,13.78,47.46,402.35,56.33,None
2016,7,North America,15.38,40.67,402.24,1.96,Storm
2016,7,South America,13.22,62.63,402.48,33.13,Heatwave
2016,7,Australia,16.81,32.3,401.96,150.47,Heatwave
2016,8,Asia,12.4,64.3,401.83,9.6,Flood
2016,8,Africa,16.58,82.52,401.51,44.57,Flood
2016,8,Europe,15.26,66.59,402.19,141.22,Flood
2016,8,North America,18.28,30.54,401.65,68.83,Drought
2016,8,South America,14.41,30.29,401.51,1.61,Storm
2016,8,Australia,16.52,79.49,401.23,98.62,None
2016,9,Asia,15.23,47.93,402.38,50.06,None
2016,9,Africa,15.57,80.87,401.78,34.74,None
2016,9,Europe,10.51,61.16,402.9,201.69,Drought
2016,9,North America,14.86,79.44,401.75,10.39,None
2016,9,South America,17.3,81.8,401.25,413.61,Storm
2016,9,Australia,18.99,71.28,401.2,4.71,Drought
2016,10,Asia,10.64,34.84,402.66,130.51,Flood
2016,10,Africa,21.04,54.15,402.02,98.66,None
2016,10,Europe,21.36,42.85,402.18,22.1,Storm
2016,10,North America,18.26,78.73,402.87,126.3,Heatwave
2016,10,South America,15.61,73.18,401.43,85.67,Heatwave
2016,10,Australia,14.07,81.42,402.87,90.35,Flood
2016,11,Asia,14.59,52.74,401.53,57.7,None
2016,11,Africa,15.17,53.14,402.81,64.08,Heatwave
2016,11,Europe,14.87,76.27,401.1,45.92,Heatwave
2016,11,North America,17.12,42.62,401.39,34.04,Flood
2016,11,South America,15.56,38.52,401.53,36.85,Storm
2016,11,Australia,14.31,78.92,401.78,37.33,Storm
2016,12,Asia,13.27,78.37,401.5,97.61,Flood
2016,12,Africa,13.48,53.2,401.99,129.63,Storm
2016,12,Europe,17.02,49.15,401.17,50.37,Storm
2016,12,North America,13.77,85.08,402.77,256.89,None
2016,12,South America,15.7,73.81,402.49,233.27,Drought
2016,12,Australia,16.02,38.94,401.39,2.77,Flood
2017,1,Asia,16.89,88.29,403.06,33.98,Heatwave
2017,1,Africa,13.34,68.71,404.95,60.98,Heatwave
2017,1,Europe,15.8,49.4,404.34,0.85,Drought
2017,1,North America,11.09,37.46,404.41,221.04,Drought
2017,1,South America,15.52,64.58,403.75,83.98,None
2017,1,Australia,16.27,55.07,404.82,25.8,None
2017,2,Asia,17.97,66.91,404.4,120.16,Storm
2017,2,Africa,17.43,40.58,404.05,2.13,None
2017,2,Europe,13.78,34.61,403.79,118.9,None
2017,2,North America,20.94,38.55,404.0,52.15,Heatwave
2017,2,South America,15.71,51.56,403.12,98.1,Storm
2017,2,Australia,11.44,55.2,403.39,0.81,None
2017,3,Asia,16.36,47.72,404.1,61.7,None
2017,3,Africa,15.12,42.75,403.45,224.02,Flood
2017,3,Europe,12.17,56.03,403.68,6.05,None
2017,3,North America,12.58,85.99,403.92,47.12,None
2017,3,South America,17.84,43.46,404.32,15.28,Heatwave
2017,3,Australia,19.33,76.99,404.12,223.14,None
2017,4,Asia,11.67,72.22,404.15,136.33,None
2017,4,Africa,12.56,42.94,404.28,240.69,None
2017,4,Europe,10.87,66.83,403.54,58.03,Storm
2017,4,North America,18.13,61.77,403.35,237.69,Flood
2017,4,South America,13.06,81.41,404.36,55.73,Storm
2017,4,Australia,16.1,59.31,403.76,103.14,Drought
2017,5,Asia,15.34,64.3,403.63,20.06,None
2017,5,Africa,14.19,89.66,404.61,62.88,Heatwave
2017,5,Europe,14.51,50.09,404.9,1.32,Storm
2017,5,North America,19.06,52.01,403.22,125.57,Heatwave
2017,5,South America,12.47,31.72,404.85,5.83,Flood
2017,5,Australia,12.82,44.14,404.2,13.09,None
2017,6,Asia,17.15,87.63,404.38,4.42,None
2017,6,Africa,17.61,77.16,404.79,19.01,None
2017,6,Europe,17.87,82.81,404.8,46.2,Storm
2017,6,North America,18.19,42.02,403.56,201.04,Drought
2017,6,South America,14.33,68.23,403.75,10.31,Drought
2017,6,Australia,14.65,36.28,403.2,221.02,None
2017,7,Asia,16.0,66.62,403.14,126.82,None
2017,7,Africa,14.64,84.81,404.88,2.71,None
2017,7,Europe,22.11,79.64,404.32,22.64,Drought
2017,7,North America,15.99,81.48,403.16,30.82,None
2017,7,South America,18.39,80.42,404.68,43.4,None
2017,7,Australia,16.9,36.39,404.88,0.58,Drought
2017,8,Asia,12.85,84.16,404.76,17.16,None
2017,8,Africa,15.67,33.54,404.61,59.74,Drought
2017,8,Europe,13.66,88.73,403.1,40.32,None
2017,8,North America,11.75,60.07,404.91,81.04,None
2017,8,South America,17.47,69.15,404.23,104.44,Drought
2017,8,Australia,10.89,31.36,403.58,97.95,None
2017,9,Asia,18.24,54.76,403.24,12.49,Drought
2017,9,Africa,15.17,50.76,403.59,168.92,Storm
2017,9,Europe,12.88,39.4,404.57,12.72,Storm
2017,9,North America,13.36,89.23,403.84,7.35,Drought
2017,9,South America,14.45,54.37,403.21,22.75,Flood
2017,9,Australia,12.16,83.72,404.85,44.12,Storm
2017,10,Asia,13.0,74.14,403.52,272.16,Storm
2017,10,Africa,13.68,77.22,404.53,19.46,None
2017,10,Europe,12.1,48.67,403.67,32.32,None
2017,10,North America,13.38,31.48,403.52,135.98,Flood
2017,10,South America,15.76,40.62,403.19,33.43,Storm
2017,10,Australia,17.61,45.33,403.89,28.27,Storm
2017,11,Asia,11.7,40.26,403.0,3.06,None
2017,11,Africa,18.3,89.67,403.22,55.87,None
2017,11,Europe,14.84,68.46,403.07,72.08,Drought
2017,11,North America,15.22,53.6,403.98,78.98,Heatwave
2017,11,South America,16.04,80.51,403.39,30.31,Heatwave
2017,11,Australia,12.16,38.35,403.65,46.54,Storm
2017,12,Asia,14.15,51.15,404.73,28.98,Flood
2017,12,Africa,16.56,42.79,404.17,13.38,Drought
2017,12,Europe,14.58,71.93,404.66,73.71,Flood
2017,12,North America,12.58,43.26,403.94,52.64,Storm
2017,12,South America,15.37,89.85,403.95,56.24,None
2017,12,Australia,20.74,82.98,403.44,26.51,Heatwave
2018,1,Asia,16.39,59.43,405.12,17.37,None
2018,1,Africa,11.8,38.86,406.33,40.97,Storm
2018,1,Europe,17.59,74.0,406.72,1.6,Heatwave
2018,1,North America,16.48,53.23,405.2,113.94,Heatwave
2018,1,South America,15.18,39.13,405.87,19.13,None
2018,1,Australia,21.08,65.94,406.92,244.89,Storm
2018,2,Asia,18.84,52.55,406.66,27.13,None
2018,2,Africa,17.24,82.13,406.17,4.9,None
2018,2,Europe,17.64,36.25,405.79,4.06,Flood
2018,2,North America,19.64,63.27,406.21,51.86,None
2018,2,South America,8.2,43.82,405.39,54.76,Storm
2018,2,Australia,14.93,51.34,406.5,103.69,Flood
2018,3,Asia,18.15,37.96,406.28,121.48,Heatwave
2018,3,Africa,15.24,41.15,406.51,75.28,None
2018,3,Europe,16.09,57.41,406.88,32.62,Heatwave
2018,3,North America,12.25,75.91,405.18,168.08,Flood
2018,3,South America,15.25,78.16,406.84,1.43,None
2018,3,Australia,18.39,57.42,405.75,127.76,Flood
2018,4,Asia,16.54,80.31,405.71,85.86,None
2018,4,Africa,13.95,35.39,406.22,3.39,Flood
2018,4,Europe,13.86,61.86,406.65,217.81,Storm
2018,4,North America,17.31,56.0,406.7,4.05,Drought
2018,4,South America,13.74,73.77,406.57,156.35,Drought
2018,4,Australia,15.63,80.88,406.8,204.05,Heatwave
2018,5,Asia,11.83,71.69,405.44,219.16,Heatwave
2018,5,Africa,20.79,76.18,405.59,121.83,None
2018,5,Europe,14.97,63.23,405.18,40.77,None
2018,5,North America,12.25,45.54,406.87,14.28,None
2018,5,South America,16.28,55.78,405.97,217.91,Storm
2018,5,Australia,19.61,86.61,406.8,26.7,None
2018,6,Asia,11.34,76.11,405.29,127.3,Drought
2018,6,Africa,18.85,61.26,406.14,333.93,None
2018,6,Europe,15.72,55.72,406.7,0.69,Drought
2018,6,North America,13.78,70.33,405.45,102.58,Heatwave
2018,6,South America,15.94,39.86,405.11,203.14,Heatwave
2018,6,Australia,17.57,76.35,405.81,197.16,Heatwave
2018,7,Asia,12.03,58.88,405.79,142.03,Drought
2018,7,Africa,18.02,82.79,405.26,117.85,Flood
2018,7,Europe,13.22,54.2,406.85,64.05,Flood
2018,7,North America,18.01,30.91,406.63,19.37,Heatwave
2018,7,South America,16.11,54.5,406.88,62.46,None
2018,7,Australia,17.16,32.28,405.33,59.63,Drought
2018,8,Asia,8.76,89.6,405.94,34.97,None
2018,8,Africa,16.72,76.09,406.47,2.8,Flood
2018,8,Europe,17.33,52.53,405.03,25.68,Storm
2018,8,North America,18.3,30.41,405.19,22.05,Flood
2018,8,South America,13.65,57.99,405.05,104.18,Flood
2018,8,Australia,17.39,41.62,405.91,85.46,Storm
2018,9,Asia,16.0,83.77,406.59,10.81,None
2018,9,Africa,13.54,54.65,405.91,49.31,Storm
2018,9,Europe,21.85,81.4,405.81,39.77,Flood
2018,9,North America,15.96,73.33,406.0,36.07,Drought
2018,9,South America,17.69,74.25,406.74,98.49,Heatwave
2018,9,Australia,11.9,60.06,406.01,129.63,Heatwave
2018,10,Asia,19.46,71.79,405.3,31.72,Flood
2018,10,Africa,18.3,42.57,406.52,1.71,None
2018,10,Europe,20.1,80.95,405.09,33.6,Heatwave
2018,10,North America,18.45,49.81,406.43,54.03,None
2018,10,South America,15.05,57.61,405.85,45.7,Heatwave
2018,10,Australia,14.65,49.96,406.87,48.37,Drought
2018,11,Asia,18.33,61.33,406.88,45.18,Drought
2018,11,Africa,11.87,73.28,405.06,88.81,None
2018,11,Europe,14.48,46.41,406.79,136.78,Flood
2018,11,North America,14.28,60.59,405.45,108.49,Storm
2018,11,South America,10.15,84.21,406.2,1.06,Storm
2018,11,Australia,15.34,73.31,405.31,25.19,Heatwave
2018,12,Asia,14.62,77.21,406.91,186.14,Flood
2018,12,Africa,20.68,84.94,405.37,22.99,Storm
2018,12,Europe,15.37,83.34,405.16,49.22,Flood
2018,12,North America,20.08,32.08,405.33,23.64,Flood
2018,12,South America,15.94,52.51,406.84,31.66,Heatwave
2018,12,Australia,21.69,60.39,406.53,27.58,None
2019,1,Asia,14.94,51.23,407.28,59.99,Drought
2019,1,Africa,17.71,54.59,408.43,33.63,Drought
2019,1,Europe,18.05,82.45,408.33,74.01,Heatwave
2019,1,North America,13.43,60.78,407.55,32.91,Drought
2019,1,South America,14.46,76.92,407.92,129.75,Flood
2019,1,Australia,13.61,32.75,408.25,10.59,Heatwave
2019,2,Asia,12.0,58.23,407.42,24.28,None
2019,2,Africa,12.4,73.72,407.61,163.98,Drought
2019,2,Europe,9.46,76.5,407.36,18.11,Storm
2019,2,North America,16.16,85.58,407.84,295.5,Flood
2019,2,South America,15.39,53.95,408.66,143.61,Drought
2019,2,Australia,17.37,67.33,408.45,121.52,Storm
2019,3,Asia,14.68,63.52,408.81,106.17,Storm
2019,3,Africa,14.16,49.83,407.51,21.08,None
2019,3,Europe,18.25,66.48,408.04,99.16,Flood
2019,3,North America,17.89,63.08,408.11,83.74,None
2019,3,South America,16.95,53.0,407.02,147.76,Heatwave
2019,3,Australia,17.72,34.98,408.63,319.42,Drought
2019,4,Asia,12.76,59.94,408.6,210.25,Heatwave
2019,4,Africa,14.05,59.72,408.56,146.8,Heatwave
2019,4,Europe,13.54,36.7,408.74,37.78,None
2019,4,North America,8.55,41.31,408.27,8.99,Drought
2019,4,South America,15.59,43.55,408.62,18.0,None
2019,4,Australia,14.15,64.06,407.66,65.96,Drought
2019,5,Asia,16.33,43.65,407.25,10.02,Flood
2019,5,Africa,16.35,46.23,408.01,72.54,Storm
2019,5,Europe,15.74,75.65,407.49,86.9,Storm
2019,5,North America,15.7,38.41,407.89,34.45,Heatwave
2019,5,South America,16.78,85.34,407.72,173.01,None
2019,5,Australia,17.42,66.95,408.2,136.53,Heatwave
2019,6,Asia,17.22,41.02,407.29,16.33,Storm
2019,6,Africa,18.49,71.44,408.44,70.35,Storm
2019,6,Europe,12.45,47.93,407.57,30.67,None
2019,6,North America,15.53,58.18,408.81,245.73,Heatwave
2019,6,South America,10.95,66.73,407.1,114.07,Storm
2019,6,Australia,14.32,70.2,407.31,49.4,Heatwave
2019,7,Asia,17.36,78.18,408.6,114.82,Heatwave
2019,7,Africa,17.18,44.95,407.61,15.34,Heatwave
2019,7,Europe,15.54,53.88,407.75,46.63,Flood
2019,7,North America,13.37,53.59,407.55,38.15,None
2019,7,South America,19.87,85.72,408.73,334.38,Flood
2019,7,Australia,11.32,59.18,408.5,25.34,None
2019,8,Asia,13.63,88.77,408.45,81.23,None
2019,8,Africa,15.74,66.36,407.5,158.28,None
2019,8,Europe,16.65,38.21,408.45,77.65,Heatwave
2019,8,North America,19.82,75.52,408.89,54.79,Flood
2019,8,South America,12.01,33.18,408.87,15.46,None
2019,8,Australia,17.06,36.26,407.31,351.89,Storm
2019,9,Asia,19.24,33.32,407.98,25.72,None
2019,9,Africa,15.14,59.47,407.81,71.59,None
2019,9,Europe,19.1,61.01,408.04,63.5,Flood
2019,9,North America,13.27,62.43,408.64,74.89,Flood
2019,9,South America,24.87,59.09,408.39,22.97,None
2019,9,Australia,14.33,56.25,408.42,226.21,Heatwave
2019,10,Asia,20.66,52.06,408.06,40.69,None
2019,10,Africa,11.42,56.13,408.44,1.38,Heatwave
2019,10,Europe,10.38,36.61,408.97,32.07,Storm
2019,10,North America,18.14,38.88,408.66,90.42,Storm
2019,10,South America,17.86,31.4,408.24,9.72,Heatwave
2019,10,Australia,17.98,50.27,408.53,49.73,Heatwave
2019,11,Asia,16.81,41.32,407.42,74.67,Storm
2019,11,Africa,15.79,35.87,408.57,9.24,None
2019,11,Europe,19.01,65.67,407.77,5.29,Drought
2019,11,North America,10.81,71.44,408.03,26.7,Heatwave
2019,11,South America,10.27,48.56,407.66,56.86,Heatwave
2019,11,Australia,11.01,48.14,408.41,102.38,None
2019,12,Asia,12.62,31.62,407.17,33.05,Drought
2019,12,Africa,21.12,47.18,407.52,217.02,None
2019,12,Europe,15.31,50.67,407.62,0.38,Storm
2019,12,North America,11.86,80.7,408.46,45.7,Heatwave
2019,12,South America,11.31,35.95,407.43,53.97,Drought
2019,12,Australia,18.65,61.47,408.85,59.74,Heatwave
2020,1,Asia,10.31,89.74,410.74,71.17,None
2020,1,Africa,13.07,67.22,409.77,93.81,Heatwave
2020,1,Europe,10.76,34.91,410.48,35.7,Heatwave
2020,1,North America,16.67,73.35,409.44,185.52,Flood
2020,1,South America,21.54,78.26,410.53,42.93,None
2020,1,Australia,10.69,40.22,410.95,26.8,Heatwave
2020,2,Asia,18.14,45.97,409.95,48.89,Drought
2020,2,Africa,14.64,58.7,409.2,41.59,None
2020,2,Europe,12.63,35.43,409.68,230.39,None
2020,2,North America,13.37,50.39,409.51,22.82,Flood
2020,2,South America,15.25,79.0,409.55,3.65,Storm
2020,2,Australia,19.74,33.25,410.02,161.86,Heatwave
2020,3,Asia,13.37,62.43,410.35,196.71,None
2020,3,Africa,10.59,73.9,410.62,492.77,Storm
2020,3,Europe,15.31,33.69,409.5,72.43,Drought
2020,3,North America,15.0,74.26,410.06,36.4,Heatwave
2020,3,South America,12.41,61.3,409.36,27.44,None
2020,3,Australia,14.94,88.44,410.73,13.04,None
2020,4,Asia,15.41,35.99,409.46,272.67,None
2020,4,Africa,13.49,71.33,409.78,22.59,Heatwave
2020,4,Europe,10.69,82.7,409.02,58.89,Drought
2020,4,North America,14.87,35.98,409.43,60.06,None
2020,4,South America,13.72,71.46,410.63,22.24,None
2020,4,Australia,12.24,34.84,409.46,45.97,Flood
2020,5,Asia,16.12,78.18,409.88,152.47,None
2020,5,Africa,12.67,77.84,409.13,49.1,Storm
2020,5,Europe,10.87,88.55,411.0,11.51,Storm
2020,5,North America,16.3,60.96,409.74,15.42,Flood
2020,5,South America,13.81,43.16,410.2,22.89,None
2020,5,Australia,15.75,67.94,410.69,101.25,Flood
2020,6,Asia,13.48,85.81,409.1,168.94,Flood
2020,6,Africa,10.89,43.01,409.28,118.06,Flood
2020,6,Europe,13.23,57.74,409.31,284.47,None
2020,6,North America,14.66,38.9,410.29,56.02,None
2020,6,South America,21.52,59.74,409.01,112.85,None
2020,6,Australia,13.25,69.35,409.59,25.38,None
2020,7,Asia,16.0,37.88,410.22,73.28,Heatwave
2020,7,Africa,18.0,50.38,409.58,91.38,None
2020,7,Europe,13.47,50.93,410.97,113.67,None
2020,7,North America,9.5,51.11,410.43,74.84,Drought
2020,7,South America,12.7,42.62,409.65,104.43,Drought
2020,7,Australia,12.48,60.0,409.99,0.52,Storm
2020,8,Asia,16.26,56.4,410.13,2.32,Flood
2020,8,Africa,14.96,49.16,409.6,205.91,Flood
2020,8,Europe,13.34,53.33,410.49,31.04,Flood
2020,8,North America,21.62,86.27,410.15,69.37,Flood
2020,8,South America,15.18,83.39,409.2,33.62,None
2020,8,Australia,16.87,59.87,409.99,43.73,Drought
2020,9,Asia,17.63,40.35,410.73,36.12,Flood
2020,9,Africa,13.0,47.34,409.07,130.87,Flood
2020,9,Europe,16.43,71.3,410.06,138.62,None
2020,9,North America,20.07,31.85,410.94,0.33,Heatwave
2020,9,South America,17.36,36.03,410.27,18.03,Flood
2020,9,Australia,17.21,35.65,410.5,76.03,None
2020,10,Asia,12.54,57.65,409.07,6.94,Heatwave
2020,10,Africa,16.69,62.72,410.44,43.24,Storm
2020,10,Europe,13.64,37.18,410.44,161.4,None
2020,10,North America,14.51,57.35,410.01,40.36,None
2020,10,South America,13.41,49.36,410.11,6.77,Drought
2020,10,Australia,12.65,32.03,410.85,23.62,None
2020,11,Asia,14.94,68.41,410.8,34.02,Drought
2020,11,Africa,18.56,67.14,410.47,9.89,Heatwave
2020,11,Europe,14.63,65.06,409.56,0.63,Heatwave
2020,11,North America,16.36,68.29,409.86,0.94,Flood
2020,11,South America,17.62,88.63,410.41,33.13,None
2020,11,Australia,14.51,47.71,409.55,74.95,Storm
2020,12,Asia,15.17,30.26,409.38,79.58,Heatwave
2020,12,Africa,19.66,45.3,409.61,21.18,None
2020,12,Europe,17.83,82.66,409.09,75.21,Drought
2020,12,North America,17.0,76.67,409.57,235.52,Drought
2020,12,South America,13.35,30.08,409.71,54.93,Drought
2020,12,Australia,9.3,45.24,409.49,66.13,Drought
2021,1,Asia,12.28,71.03,411.88,26.55,Drought
2021,1,Africa,13.94,66.26,411.9,78.69,Flood
2021,1,Europe,12.31,41.52,411.77,17.03,Flood
2021,1,North America,15.19,41.26,412.3,7.41,Flood
2021,1,South America,13.14,52.4,411.85,85.48,Storm
2021,1,Australia,16.73,65.77,411.12,45.75,Drought
2021,2,Asia,16.76,36.79,411.59,77.99,None
2021,2,Africa,13.45,33.73,411.38,10.49,Flood
2021,2,Europe,16.14,87.12,412.44,13.55,None
2021,2,North America,13.61,61.17,411.42,123.2,Flood
2021,2,South America,17.63,67.12,411.21,29.58,Storm
2021,2,Australia,15.5,78.53,412.24,135.44,Storm
2021,3,Asia,19.79,61.55,412.1,265.31,None
2021,3,Africa,16.26,63.26,412.56,21.27,None
2021,3,Europe,16.6,59.17,412.51,20.1,Heatwave
2021,3,North America,14.12,85.27,412.47,296.24,Flood
2021,3,South America,13.62,63.63,412.55,3.05,Flood
2021,3,Australia,17.26,88.76,412.11,2.38,Drought
2021,4,Asia,12.77,36.67,412.29,20.26,None
2021,4,Africa,14.06,48.41,412.82,197.52,Flood
2021,4,Europe,19.75,44.79,412.5,273.46,None
2021,4,North America,12.77,53.32,411.35,17.34,Drought
2021,4,South America,13.51,85.89,412.77,212.0,None
2021,4,Australia,14.79,46.17,411.23,10.91,Flood
2021,5,Asia,16.79,89.06,411.66,59.3,Drought
2021,5,Africa,16.42,84.62,412.55,152.68,Storm
2021,5,Europe,17.31,36.79,412.87,205.14,None
2021,5,North America,18.54,64.0,412.73,39.14,Heatwave
2021,5,South America,17.09,61.97,412.07,269.46,Heatwave
2021,5,Australia,15.65,30.34,412.86,3.43,Flood
2021,6,Asia,17.89,37.43,412.31,3.11,Flood
2021,6,Africa,13.88,71.43,411.75,25.83,Flood
2021,6,Europe,19.9,56.87,411.99,97.3,None
2021,6,North America,19.86,68.32,411.25,4.21,Storm
2021,6,South America,14.17,60.88,412.25,80.66,Flood
2021,6,Australia,13.41,86.64,412.02,7.05,None
2021,7,Asia,21.87,79.29,411.73,373.66,Flood
2021,7,Africa,15.64,52.94,411.12,7.58,Heatwave
2021,7,Europe,15.43,48.0,411.93,3.51,Storm
2021,7,North America,14.71,60.49,412.3,98.07,Drought
2021,7,South America,15.57,73.41,412.86,53.51,Heatwave
2021,7,Australia,16.94,60.01,411.51,66.8,Heatwave
2021,8,Asia,20.06,52.03,412.46,10.4,None
2021,8,Africa,15.25,53.68,412.56,47.32,Flood
2021,8,Europe,14.13,57.23,411.64,7.62,Heatwave
2021,8,North America,17.83,35.18,412.28,47.22,None
2021,8,South America,22.05,65.73,412.0,43.12,None
2021,8,Australia,16.2,78.8,411.25,29.97,None
2021,9,Asia,12.74,35.78,411.85,84.98,Drought
2021,9,Africa,15.54,78.06,412.58,60.78,Flood
2021,9,Europe,11.82,35.96,412.85,3.26,Drought
2021,9,North America,13.39,68.61,412.62,21.49,None
2021,9,South America,13.81,49.94,412.09,189.85,None
2021,9,Australia,16.07,88.85,412.63,67.61,Storm
2021,10,Asia,22.14,57.27,412.46,4.13,Flood
2021,10,Africa,20.98,67.15,411.89,185.98,None
2021,10,Europe,14.74,86.2,411.98,392.85,Storm
2021,10,North America,12.76,31.79,412.92,187.2,None
2021,10,South America,15.29,80.9,412.5,182.54,Flood
2021,10,Australia,16.99,57.0,412.16,46.06,Storm
2021,11,Asia,12.34,75.7,412.67,69.97,Heatwave
2021,11,Africa,12.36,49.4,412.03,65.67,Flood
2021,11,Europe,18.45,62.07,411.69,12.27,Drought
2021,11,North America,12.95,43.88,411.19,21.52,Flood
2021,11,South America,12.64,78.59,411.33,5.2,Storm
2021,11,Australia,7.2,45.61,412.98,8.98,Flood
2021,12,Asia,19.96,59.09,411.51,33.86,Drought
2021,12,Africa,11.15,54.43,411.19,276.17,None
2021,12,Europe,16.89,81.25,411.02,29.29,Storm
2021,12,North America,17.12,81.56,411.83,168.75,Drought
2021,12,South America,19.8,36.66,412.63,172.2,None
2021,12,Australia,12.17,77.4,412.7,53.66,None
2022,1,Asia,15.83,65.57,413.38,105.08,Storm
2022,1,Africa,15.3,68.5,414.73,28.25,None
2022,1,Europe,20.0,53.84,414.07,4.62,Storm
2022,1,North America,13.5,55.09,413.27,158.7,None
2022,1,South America,17.66,79.6,414.05,56.26,Heatwave
2022,1,Australia,12.78,86.97,413.27,31.48,Drought
2022,2,Asia,10.42,49.56,413.07,59.15,Heatwave
2022,2,Africa,16.43,73.77,414.33,206.28,Heatwave
2022,2,Europe,16.79,79.07,414.65,168.87,Storm
2022,2,North America,9.31,45.72,413.96,3.72,Drought
2022,2,South America,14.38,64.5,414.95,323.42,None
2022,2,Australia,14.52,39.18,414.18,20.16,Flood
2022,3,Asia,17.39,86.16,413.57,103.5,Drought
2022,3,Africa,7.02,58.04,414.62,18.89,None
2022,3,Europe,19.67,38.42,414.36,33.45,Storm
2022,3,North America,17.56,68.96,413.5,49.71,Heatwave
2022,3,South America,17.48,46.82,414.62,4.82,Heatwave
2022,3,Australia,14.62,86.76,413.93,33.72,Drought
2022,4,Asia,18.75,77.24,414.59,35.67,None
2022,4,Africa,11.29,39.42,414.61,41.34,Flood
2022,4,Europe,10.93,47.16,414.19,8.35,Heatwave
2022,4,North America,16.0,68.6,413.85,24.3,None
2022,4,South America,18.3,37.29,414.47,28.09,Flood
2022,4,Australia,13.04,85.34,414.48,13.31,Flood
2022,5,Asia,21.44,65.99,413.73,70.14,Flood
2022,5,Africa,12.59,87.23,413.01,1.8,Heatwave
2022,5,Europe,15.49,82.8,413.1,59.63,None
2022,5,North America,22.11,71.6,413.84,171.76,Drought
2022,5,South America,11.35,44.23,413.93,58.2,Drought
2022,5,Australia,12.09,64.65,414.62,27.63,Flood
2022,6,Asia,12.77,62.33,413.7,80.42,Drought
2022,6,Africa,9.34,69.94,413.27,313.1,Flood
2022,6,Europe,18.97,44.35,413.61,59.27,Storm
2022,6,North America,12.26,39.48,413.35,40.08,None
2022,6,South America,14.48,70.46,413.99,72.17,Flood
2022,6,Australia,15.81,58.02,413.48,43.73,Storm
2022,7,Asia,14.94,66.27,414.4,15.97,None
2022,7,Africa,14.11,78.41,414.29,30.61,Storm
2022,7,Europe,14.08,57.11,413.22,82.73,Heatwave
2022,7,North America,16.76,59.02,414.72,2.72,None
2022,7,South America,21.69,82.53,414.15,136.18,Drought
2022,7,Australia,13.6,54.73,414.11,18.83,Heatwave
2022,8,Asia,14.85,41.53,413.61,0.54,None
2022,8,Africa,16.2,68.17,413.81,134.34,None
2022,8,Europe,12.95,40.03,414.48,57.66,Drought
2022,8,North America,22.46,30.75,414.18,14.34,Storm
2022,8,South America,14.72,73.62,413.39,62.75,Heatwave
2022,8,Australia,17.0,81.29,413.91,33.18,Drought
2022,9,Asia,8.84,80.93,413.42,12.11,Flood
2022,9,Africa,14.68,45.36,414.44,94.34,None
2022,9,Europe,21.86,38.74,413.22,8.21,None
2022,9,North America,16.41,77.29,414.55,33.15,Storm
2022,9,South America,8.23,55.42,414.25,127.97,Storm
2022,9,Australia,17.88,66.46,413.49,29.63,Storm
2022,10,Asia,19.99,38.91,414.02,5.07,Heatwave
2022,10,Africa,13.64,38.78,413.31,14.99,Drought
2022,10,Europe,14.98,59.32,414.13,34.51,None
2022,10,North America,9.99,54.17,414.13,43.22,None
2022,10,South America,13.23,85.86,413.51,0.44,Flood
2022,10,Australia,17.94,81.1,414.33,112.51,Storm
2022,11,Asia,12.66,41.1,413.53,47.91,Drought
2022,11,Africa,14.03,54.3,414.9,95.01,None
2022,11,Europe,11.77,41.54,413.84,116.17,Heatwave
2022,11,North America,17.8,83.12,414.26,12.44,Flood
2022,11,South America,14.32,49.83,413.66,13.06,Heatwave
2022,11,Australia,13.73,78.82,413.8,167.66,Storm
2022,12,Asia,10.76,63.96,413.83,89.12,None
2022,12,Africa,17.72,78.71,414.72,11.53,None
2022,12,Europe,10.73,41.49,413.42,71.69,Storm
2022,12,North America,11.33,83.94,414.18,140.79,Drought
2022,12,South America,27.18,75.17,413.39,46.47,Heatwave
2022,12,Australia,17.33,68.81,414.3,73.87,None
2023,1,Asia,14.23,40.33,416.01,252.09,Heatwave
2023,1,Africa,19.35,30.23,416.85,110.64,Flood
2023,1,Europe,17.2,40.01,415.68,147.53,Heatwave
2023,1,North America,21.23,78.62,415.36,12.25,None
2023,1,South America,20.39,34.46,415.43,61.16,None
2023,1,Australia,17.22,76.48,416.18,46.3,None
2023,2,Asia,11.73,64.88,415.67,121.45,None
2023,2,Africa,17.26,77.22,415.79,203.02,None
2023,2,Europe,15.18,65.16,416.69,7.68,Flood
2023,2,North America,14.98,85.57,416.95,54.38,None
2023,2,South America,15.56,36.28,416.96,32.27,None
2023,2,Australia,14.0,55.54,416.28,31.19,None
2023,3,Asia,13.43,32.51,416.19,65.29,Storm
2023,3,Africa,10.17,57.0,416.27,27.88,Heatwave
2023,3,Europe,13.78,83.54,415.37,34.86,Heatwave
2023,3,North America,14.39,88.28,415.25,68.05,None
2023,3,South America,17.26,33.8,415.13,8.86,None
2023,3,Australia,16.86,52.15,416.17,35.03,None
2023,4,Asia,16.37,83.79,416.23,82.05,None
2023,4,Africa,15.14,81.97,416.83,118.34,None
2023,4,Europe,13.37,77.47,415.36,29.25,Storm
2023,4,North America,14.52,38.93,415.25,87.12,Flood
2023,4,South America,15.85,61.95,415.05,25.91,Drought
2023,4,Australia,14.4,48.95,416.08,78.57,Heatwave
2023,5,Asia,17.67,38.36,416.72,12.16,Flood
2023,5,Africa,21.0,48.36,415.27,72.13,Flood
2023,5,Europe,11.82,80.14,415.87,181.83,Flood
2023,5,North America,15.68,79.86,415.12,22.7,Storm
2023,5,South America,11.72,68.22,416.54,8.24,None
2023,5,Australia,15.61,71.21,416.11,124.1,Storm
2023,6,Asia,11.45,77.79,416.06,62.66,Storm
2023,6,Africa,15.35,47.52,415.13,15.66,Flood
2023,6,Europe,15.56,66.6,416.6,41.58,Heatwave
2023,6,North America,13.89,48.12,415.47,21.23,None
2023,6,South America,12.49,47.49,416.5,42.56,Heatwave
2023,6,Australia,15.33,51.82,415.03,77.19,Drought
2023,7,Asia,16.22,48.75,416.21,9.8,Flood
2023,7,Africa,17.3,71.3,415.44,195.89,Drought
2023,7,Europe,13.32,32.0,416.8,0.2,Drought
2023,7,North America,14.06,61.02,416.5,53.05,Drought
2023,7,South America,11.97,68.88,415.33,77.34,Storm
2023,7,Australia,16.84,89.25,416.87,13.42,Drought
2023,8,Asia,13.89,44.88,416.07,4.72,Storm
2023,8,Africa,14.17,41.93,415.01,131.49,Storm
2023,8,Europe,12.86,54.5,415.59,44.56,None
2023,8,North America,9.98,59.56,415.12,59.65,Heatwave
2023,8,South America,12.46,72.81,415.91,11.54,Storm
2023,8,Australia,19.41,71.04,415.98,190.17,Drought
2023,9,Asia,14.82,71.16,415.81,276.64,Heatwave
2023,9,Africa,16.18,58.99,416.68,44.93,Flood
2023,9,Europe,15.72,48.2,415.52,164.36,None
2023,9,North America,16.43,59.89,415.35,12.52,None
2023,9,South America,12.41,51.98,416.54,10.73,Storm
2023,9,Australia,15.81,89.62,415.26,0.63,Heatwave
2023,10,Asia,16.11,88.37,416.85,90.15,Flood
2023,10,Africa,16.76,55.83,416.95,152.95,Heatwave
2023,10,Europe,14.62,78.55,415.34,21.66,None
2023,10,North America,20.33,31.19,415.43,9.12,Flood
2023,10,South America,16.72,38.61,415.99,164.61,None
2023,10,Australia,11.34,31.69,416.25,60.68,Heatwave
2023,11,Asia,14.7,36.45,415.42,65.69,Flood
2023,11,Africa,12.85,79.14,415.72,112.3,None
2023,11,Europe,14.87,43.52,415.91,80.86,Drought
2023,11,North America,11.23,65.16,415.54,4.41,None
2023,11,South America,11.7,87.12,416.68,110.85,None
2023,11,Australia,15.18,65.9,415.7,170.74,None
2023,12,Asia,22.4,40.09,416.81,135.55,None
2023,12,Africa,13.62,38.64,415.24,47.38,Heatwave
2023,12,Europe,17.48,32.42,415.81,128.15,Storm
2023,12,North America,19.69,60.74,415.65,46.49,None
2023,12,South America,19.12,32.42,416.09,37.2,Storm
2023,12,Australia,13.88,42.11,416.29,12.14,Drought
2024,1,Asia,15.94,41.79,417.87,12.77,None
2024,1,Africa,16.39,79.65,418.46,156.68,Flood
2024,1,Europe,12.93,54.25,418.06,95.14,Heatwave
2024,1,North America,15.14,50.67,417.37,138.4,Drought
2024,1,South America,17.45,30.76,417.13,20.02,Flood
2024,1,Australia,20.26,62.26,417.58,23.78,Flood
2024,2,Asia,14.44,82.61,418.22,7.8,Drought
2024,2,Africa,15.61,39.67,417.6,87.23,Flood
2024,2,Europe,13.75,35.37,418.0,340.31,None
2024,2,North America,16.9,89.28,417.58,145.73,Drought
2024,2,South America,15.87,86.07,417.55,14.79,None
2024,2,Australia,17.23,60.81,417.97,5.93,None
2024,3,Asia,12.39,76.49,418.45,51.51,Flood
2024,3,Africa,14.84,35.19,418.16,36.36,Storm
2024,3,Europe,16.94,71.89,417.06,69.63,None
2024,3,North America,17.92,61.66,417.09,238.25,Drought
2024,3,South America,16.05,52.79,418.28,20.2,Heatwave
2024,3,Australia,13.52,49.23,418.14,30.83,Drought
2024,4,Asia,13.89,60.95,417.75,70.38,Storm
2024,4,Africa,14.61,44.35,417.54,320.62,Flood
2024,4,Europe,26.46,52.7,417.73,53.49,None
2024,4,North America,13.27,35.79,418.05,3.66,None
2024,4,South America,15.46,32.94,417.32,45.44,None
2024,4,Australia,12.93,83.52,418.04,16.43,Flood
2024,5,Asia,20.06,49.05,418.56,43.6,None
2024,5,Africa,13.89,51.87,417.2,226.05,Drought
2024,5,Europe,18.36,78.52,417.96,109.28,None
2024,5,North America,17.71,83.52,418.22,10.39,Flood
2024,5,South America,11.76,79.95,418.34,90.27,Storm
2024,5,Australia,17.41,53.82,418.14,449.51,None
2024,6,Asia,14.36,67.99,417.2,274.61,None
2024,6,Africa,13.88,48.77,417.42,138.07,Storm
2024,6,Europe,16.18,53.96,418.61,155.07,Storm
2024,6,North America,21.92,39.36,418.42,36.61,None
2024,6,South America,11.92,64.76,417.07,31.24,Flood
2024,6,Australia,15.4,37.57,417.75,241.2,Flood
2024,7,Asia,17.85,54.84,418.5,52.52,None
2024,7,Africa,15.62,36.63,417.45,51.81,Flood
2024,7,Europe,18.15,77.47,418.77,29.12,Flood
2024,7,North America,8.33,61.12,417.44,0.29,Drought
2024,7,South America,12.24,72.0,417.32,8.87,Drought
2024,7,Australia,14.69,56.39,418.38,147.72,Flood
2024,8,Asia,12.09,45.62,417.28,189.26,Flood
2024,8,Africa,19.16,58.75,417.95,109.22,Drought
2024,8,Europe,14.03,82.37,417.26,67.2,Drought
2024,8,North America,18.39,60.03,418.96,82.11,None
2024,8,South America,15.76,86.44,418.59,76.02,Heatwave
2024,8,Australia,16.55,43.33,418.98,24.14,None
2024,9,Asia,18.05,61.13,417.6,129.83,Drought
2024,9,Africa,17.27,76.8,418.28,71.21,Storm
2024,9,Europe,12.96,57.34,417.87,66.67,Heatwave
2024,9,North America,14.09,64.64,418.43,32.63,Heatwave
2024,9,South America,11.49,51.62,418.52,230.03,Heatwave
2024,9,Australia,15.87,89.47,418.74,56.41,Heatwave
2024,10,Asia,18.91,87.36,417.92,61.38,Flood
2024,10,Africa,21.27,43.37,418.89,7.34,None
2024,10,Europe,9.82,35.03,418.06,173.86,Storm
2024,10,North America,14.14,86.24,417.16,103.23,Heatwave
2024,10,South America,11.11,39.49,418.06,184.56,None
2024,10,Australia,15.1,32.09,417.71,65.81,Flood
2024,11,Asia,12.28,83.27,418.38,22.02,Drought
2024,11,Africa,16.13,32.23,418.52,1.66,Heatwave
2024,11,Europe,12.98,64.21,418.02,16.51,None
2024,11,North America,19.3,77.43,417.1,325.91,Heatwave
2024,11,South America,13.34,85.84,417.82,211.84,None
2024,11,Australia,15.92,66.22,418.29,30.76,Drought
2024,12,Asia,15.83,66.29,418.99,170.8,Storm
2024,12,Africa,17.86,36.28,418.42,88.02,Heatwave
2024,12,Europe,18.98,36.76,418.5,267.88,Drought
2024,12,North America,13.88,47.99,417.07,40.65,Heatwave
2024,12,South America,17.34,44.99,418.48,72.91,Flood
2024,12,Australia,11.8,82.83,417.54,53.36,Heatwave
